Workbook

Sheet كشف
B1: قائمة بالعماله الخارجية
B4: م | C4: الاسم | D4: الاقامه | E4: تاريخ الحساب | F4: السيارة | G4: اخر تاريخ سداد | H4: من طرف | I4: أشهر متأخرة | J4: عمود2 | K4: دائن خدمات | L4: مدين خدمات | M4: رصيد خدمات | N4: عمود1 | O4: دائن مستحقات | P4: مدين مستحقات | Q4: رصيد مستحقات | R4: عمود3 | S4: ملاحظات التواصل
B5: 1 | C5: ='1'!B2 -> محمد احمد اطرش | D5: ='1'!B4 -> 2275610844 | E5: ='1'!E4 -> 44181 | F5: ='1'!B6 -> 0 | G5: ='1'!H6 -> 44181 | H5: ='1'!H4 -> ابوبيان | I5: =(TODAY()-الجدول3[[#This Row],[اخر تاريخ سداد]])/30 -> 59.866667 | K5: =SUM('1'!K54:K107) -> 40900 | L5: =SUM('1'!L54:L108) -> 41529 | M5: =الجدول3[[#This Row],[دائن خدمات]]-الجدول3[[#This Row],[مدين خدمات]] -> -629 | O5: =SUM('1'!O12:O108) -> 0 | P5: =SUM('1'!P12:P108) -> 5000 | Q5: =الجدول3[[#This Row],[دائن مستحقات]]-الجدول3[[#This Row],[مدين مستحقات]] -> -5000
B6: 6 | C6: ='6'!B2 -> أسامة الأشقر | D6: ='6'!B4 -> 2270223429 | E6: ='6'!E4 -> 45057 | F6: ='6'!B6 -> 0 | G6: ='6'!H6 -> 45110 | H6: ='6'!H4 -> محمد اطرش | I6: =(TODAY()-الجدول3[[#This Row],[اخر تاريخ سداد]])/30 -> 28.9 | K6: =SUM('6'!K12:K113) -> 61185 | L6: =SUM('6'!L12:L113) -> 58285 | M6: =الجدول3[[#This Row],[دائن خدمات]]-الجدول3[[#This Row],[مدين خدمات]] -> 2900 | O6: =SUM('6'!O12:O115) -> 12300 | P6: =SUM('6'!P12:P115) -> 27800 | Q6: =الجدول3[[#This Row],[دائن مستحقات]]-الجدول3[[#This Row],[مدين مستحقات]] -> -15500 | S6: متأخر تحت التواصل
B7: 7 | C7: ='7'!B2 -> عبدالرزاق أحمد | D7: ='7'!B4 -> 2244421182 | E7: ='7'!E4 -> 44740 | F7: ='7'!B6 -> 6972 | G7: ='7'!H6 -> 45809 | H7: ='7'!H4 -> محمد اطرش | I7: =(TODAY()-الجدول3[[#This Row],[اخر تاريخ سداد]])/30 -> 5.6 | K7: =SUM('7'!K12:K115) -> 43147 | L7: =SUM('7'!L12:L115) -> 43097 | M7: =الجدول3[[#This Row],[دائن خدمات]]-الجدول3[[#This Row],[مدين خدمات]] -> 50 | O7: =SUM('7'!O12:O117) -> 28900 | P7: =SUM('7'!P12:P117) -> 33600 | Q7: =الجدول3[[#This Row],[دائن مستحقات]]-الجدول3[[#This Row],[مدين مستحقات]] -> -4700 | S7: متأخر تحت التواصل
B8: 8 | C8: ='8'!B2 -> اديب محمد | D8: ='8'!B4 -> 2305927978 | E8: ='8'!E4 -> 44765 | F8: ='8'!B6 -> 1527 | G8: ='8'!H6 -> 45839 | H8: ='8'!H4 -> محمد اطرش | I8: =(TODAY()-الجدول3[[#This Row],[اخر تاريخ سداد]])/30 -> 4.6 | K8: =SUM('8'!K12:K115) -> 57553 | L8: =SUM('8'!L12:L115) -> 56296 | M8: =الجدول3[[#This Row],[دائن خدمات]]-الجدول3[[#This Row],[مدين خدمات]] -> 1257 | O8: =SUM('8'!O12:O117) -> 30850 | P8: =SUM('8'!P12:P117) -> 33600 | Q8: =الجدول3[[#This Row],[دائن مستحقات]]-الجدول3[[#This Row],[مدين مستحقات]] -> -2750
B9: 9 | C9: ='9'!B2 -> عصام الريح | D9: ='9'!B4 -> 2133835989 | E9: ='9'!E4 -> 44712 | F9: ='9'!B6 -> 3656 - 4383 | G9: ='9'!H6 -> 44712 | H9: ='9'!H4 -> ابوبيان | I9: =(TODAY()-الجدول3[[#This Row],[اخر تاريخ سداد]])/30 -> 42.166667 | K9: =SUM('9'!K12:K117) -> 22300 | L9: =SUM('9'!L12:L117) -> 535 | M9: =الجدول3[[#This Row],[دائن خدمات]]-الجدول3[[#This Row],[مدين خدمات]] -> 21765 | O9: =SUM('9'!O12:O119) -> 13100 | P9: =SUM('9'!P12:P119) -> 39000 | Q9: =الجدول3[[#This Row],[دائن مستحقات]]-الجدول3[[#This Row],[مدين مستحقات]] -> -25900
B10: 10 | C10: ='10'!B2 -> سالم الحميدي | D10: ='10'!B4 -> 2244737371 | E10: ='10'!E4 -> 44585 | F10: ='10'!B6 -> 3010 / 8827 | G10: ='10'!H6 -> 45778 | H10: ='10'!H4 -> أبو عبدالله السوري | I10: =(TODAY()-الجدول3[[#This Row],[اخر تاريخ سداد]])/30 -> 6.6333333 | K10: =SUM('10'!K12:K118) -> 6850 | L10: =SUM('10'!L12:L118) -> 6850 | M10: =الجدول3[[#This Row],[دائن خدمات]]-الجدول3[[#This Row],[مدين خدمات]] -> 0 | O10: =SUM('10'!O12:O120) -> 20100 | P10: =SUM('10'!P12:P120) -> 23800 | Q10: =الجدول3[[#This Row],[دائن مستحقات]]-الجدول3[[#This Row],[مدين مستحقات]] -> -3700
B11: 11 | C11: ='11'!B3 -> عبده دقماق | D11: ='11'!B5 -> 2304733724 | E11: ='11'!E5 -> 44594 | F11: ='11'!B7 -> 5019 | G11: ='11'!H7 -> 45746 | H11: ='11'!H5 -> محمد اطرش | I11: =(TODAY()-الجدول3[[#This Row],[اخر تاريخ سداد]])/30 -> 7.7 | K11: =SUM('11'!K13:K120) -> 6500 | L11: =SUM('11'!L13:L120) -> 6500 | M11: =الجدول3[[#This Row],[دائن خدمات]]-الجدول3[[#This Row],[مدين خدمات]] -> 0 | O11: =SUM('11'!O12:O121) -> 15500 | P11: =SUM('11'!P12:P121) -> 15500 | Q11: =الجدول3[[#This Row],[دائن مستحقات]]-الجدول3[[#This Row],[مدين مستحقات]] -> 0 | S11: منتظم
B12: 15 | C12: ='15'!B2 -> محمد مثنى | D12: ='15'!B4 -> 2036474902 | E12: ='15'!E4 -> 45071 | F12: ='15'!B6 -> 0 | G12: ='15'!H6 -> 45897 | H12: ='15'!H4 -> فيصل رمضان | I12: =(TODAY()-الجدول3[[#This Row],[اخر تاريخ سداد]])/30 -> 2.6666667 | K12: =SUM('15'!K12:K123) -> 17200 | L12: =SUM('15'!L12:L123) -> 17200 | M12: =الجدول3[[#This Row],[دائن خدمات]]-الجدول3[[#This Row],[مدين خدمات]] -> 0 | O12: =SUM('15'!O12:O125) -> 37000 | P12: =SUM('15'!P12:P125) -> 44000 | Q12: =الجدول3[[#This Row],[دائن مستحقات]]-الجدول3[[#This Row],[مدين مستحقات]] -> -7000
B13: 18 | C13: ='18'!B2 -> مرعي بركات | D13: ='18'!B4 -> 2310964073 | E13: ='18'!E4 -> 45067 | F13: ='18'!B6 -> 3228 | G13: ='18'!H6 -> 44624 | H13: ='18'!H4 -> مهند | I13: =(TODAY()-الجدول3[[#This Row],[اخر تاريخ سداد]])/30 -> 45.1 | K13: =SUM('18'!K12:K126) -> 69700 | L13: =SUM('18'!L12:L126) -> 69643 | M13: =الجدول3[[#This Row],[دائن خدمات]]-الجدول3[[#This Row],[مدين خدمات]] -> 57 | O13: =SUM('18'!O12:O128) -> 0 | P13: =SUM('18'!P12:P128) -> 33600 | Q13: =الجدول3[[#This Row],[دائن مستحقات]]-الجدول3[[#This Row],[مدين مستحقات]] -> -33600 | S13: متأخر تحت التواصل
B14: 19 | C14: ='19'!B2 -> عماد التقي | D14: ='19'!B4 -> 2266992110 | E14: ='19'!E4 -> 45267 | F14: ='19'!B6 -> 2672 | G14: ='19'!H6 -> 44978 | H14: ='19'!H4 -> ابوبيان | I14: =(TODAY()-الجدول3[[#This Row],[اخر تاريخ سداد]])/30 -> 33.3 | K14: =SUM('19'!K12:K127) -> 28195 | L14: =SUM('19'!L12:L127) -> 29295 | M14: =الجدول3[[#This Row],[دائن خدمات]]-الجدول3[[#This Row],[مدين خدمات]] -> -1100 | O14: =SUM('19'!O12:O129) -> 5000 | P14: =SUM('19'!P12:P129) -> 33600 | Q14: =الجدول3[[#This Row],[دائن مستحقات]]-الجدول3[[#This Row],[مدين مستحقات]] -> -28600 | S14: متأخر تحت التواصل
B15: 20 | C15: ='20'!B2 -> محمد الأحمد | D15: ='20'!B4 -> 2248778017 | E15: ='20'!E4 -> 44594 | F15: ='20'!B6 -> 3597 | G15: ='20'!H6 -> 45658 | H15: ='20'!H4 -> أبو عبدالله السوري | I15: =(TODAY()-الجدول3[[#This Row],[اخر تاريخ سداد]])/30 -> 10.633333 | K15: =SUM('20'!K12:K128) -> 8915 | L15: =SUM('20'!L12:L128) -> 8915 | M15: =الجدول3[[#This Row],[دائن خدمات]]-الجدول3[[#This Row],[مدين خدمات]] -> 0 | O15: =SUM('20'!O12:O130) -> 14200 | P15: =SUM('20'!P12:P130) -> 15600 | Q15: =الجدول3[[#This Row],[دائن مستحقات]]-الجدول3[[#This Row],[مدين مستحقات]] -> -1400
B16: 21 | C16: ='21'!B2 -> مروان ياسين | D16: ='21'!B4 -> 2267184402 | E16: ='21'!E4 -> 44886 | F16: ='21'!B6 -> 6787 | G16: ='21'!H6 -> 45962 | H16: ='21'!H4 -> محمد اطرش | I16: =(TODAY()-الجدول3[[#This Row],[اخر تاريخ سداد]])/30 -> 0.5 | K16: =SUM('21'!K12:K128) -> 60900 | L16: =SUM('21'!L12:L128) -> 61017 | M16: =الجدول3[[#This Row],[دائن خدمات]]-الجدول3[[#This Row],[مدين خدمات]] -> -117 | O16: =SUM('21'!O12:O130) -> 26900 | P16: =SUM('21'!P12:P130) -> 25200 | Q16: =الجدول3[[#This Row],[دائن مستحقات]]-الجدول3[[#This Row],[مدين مستحقات]] -> 1700 | S16: متأخر تحت التواصل
B17: 22 | C17: ='22'!B2 -> مصطفى يوسف | D17: ='22'!B4 -> 2219684467 | E17: ='22'!E4 -> 44840 | F17: ='22'!B6 -> 1140 | G17: ='22'!H6 -> 44949 | H17: ='22'!H4 -> عبدالرزاق حيلاني | I17: =(TODAY()-الجدول3[[#This Row],[اخر تاريخ سداد]])/30 -> 34.266667 | K17: =SUM('22'!K12:K130) -> 19150 | L17: =SUM('22'!L12:L130) -> 18850 | M17: =الجدول3[[#This Row],[دائن خدمات]]-الجدول3[[#This Row],[مدين خدمات]] -> 300 | O17: =SUM('22'!O12:O132) -> 3400 | P17: =SUM('22'!P12:P132) -> 9600 | Q17: =الجدول3[[#This Row],[دائن مستحقات]]-الجدول3[[#This Row],[مدين مستحقات]] -> -6200 | S17: متأخر تحت التواصل
B18: 24 | C18: ='24'!B2 -> عز الدين المسالمه | D18: ='24'!B4 -> 2279835793 | E18: ='24'!E4 -> 44733 | F18: ='24'!B6 -> 5786 | G18: ='24'!H6 -> 45539 | H18: ='24'!H4 -> ابوبيان | I18: =(TODAY()-الجدول3[[#This Row],[اخر تاريخ سداد]])/30 -> 14.6 | K18: =SUM('24'!K12:K132) -> 5855 | L18: =SUM('24'!L12:L132) -> 5855 | M18: =الجدول3[[#This Row],[دائن خدمات]]-الجدول3[[#This Row],[مدين خدمات]] -> 0 | O18: =SUM('24'!O12:O134) -> 16150 | P18: =SUM('24'!P12:P134) -> 16150 | Q18: =الجدول3[[#This Row],[دائن مستحقات]]-الجدول3[[#This Row],[مدين مستحقات]] -> 0 | S18: تم انهاء العلاقة
B19: 26 | C19: ='26'!B2 -> نضال محمد | D19: ='26'!B4 -> 2318009293 | E19: ='26'!E4 -> 44922 | F19: ='26'!B6 -> - | G19: ='26'!H6 -> 45333 | H19: ='26'!H4 -> مهند | I19: =(TODAY()-الجدول3[[#This Row],[اخر تاريخ سداد]])/30 -> 21.466667 | K19: =SUM('26'!K12:K134) -> 0 | L19: =SUM('26'!L12:L134) -> 1500 | M19: =الجدول3[[#This Row],[دائن خدمات]]-الجدول3[[#This Row],[مدين خدمات]] -> -1500 | O19: =SUM('26'!O12:O136) -> 10000 | P19: =SUM('26'!P12:P136) -> 14400 | Q19: =الجدول3[[#This Row],[دائن مستحقات]]-الجدول3[[#This Row],[مدين مستحقات]] -> -4400 | S19: متأخر - موضوعه مع ابوبيان
B20: 27 | C20: ='27'!B2 -> بابو هندي | D20: ='27'!B4 -> 0 | E20: ='27'!E4 -> 0 | F20: ='27'!B6 -> - | G20: ='27'!H6 -> 44712 | H20: ='27'!H4 -> ابوبيان | I20: =(TODAY()-الجدول3[[#This Row],[اخر تاريخ سداد]])/30 -> 42.166667 | K20: =SUM('27'!K12:K136) -> 18826 | L20: =SUM('27'!L12:L136) -> 18826 | M20: =الجدول3[[#This Row],[دائن خدمات]]-الجدول3[[#This Row],[مدين خدمات]] -> 0 | O20: =SUM('27'!O12:O137) -> 0 | P20: =SUM('27'!P12:P137) -> 3200 | Q20: =الجدول3[[#This Row],[دائن مستحقات]]-الجدول3[[#This Row],[مدين مستحقات]] -> -3200 | S20: متأخر - موضوعه مع ابوبيان
B21: 29 | C21: ='29'!B2 -> احمد حجازي | D21: ='29'!B4 -> 2314453362 | E21: ='29'!E4 -> 44844 | F21: ='29'!B6 -> 3462 | G21: ='29'!H6 -> 45809 | H21: ='29'!H4 -> مهند | I21: =(TODAY()-الجدول3[[#This Row],[اخر تاريخ سداد]])/30 -> 5.6 | K21: =SUM('29'!K12:K137) -> 1900 | L21: =SUM('29'!L12:L137) -> 1900 | M21: =الجدول3[[#This Row],[دائن خدمات]]-الجدول3[[#This Row],[مدين خدمات]] -> 0 | O21: =SUM('29'!O12:O138) -> 13200 | P21: =SUM('29'!P12:P138) -> 19200 | Q21: =الجدول3[[#This Row],[دائن مستحقات]]-الجدول3[[#This Row],[مدين مستحقات]] -> -6000 | S21: تحت التواصل
B22: 30 | C22: ='30'!B2 -> غسان سريا | D22: ='30'!B4 -> 2264376852 | E22: ='30'!E4 -> 0 | F22: ='30'!B6 -> 0 | G22: ='30'!H6 -> 45746 | H22: ='30'!H4 -> نفسه | I22: =(TODAY()-الجدول3[[#This Row],[اخر تاريخ سداد]])/30 -> 7.7 | K22: =SUM('30'!K12:K139) -> 4250 | L22: =SUM('30'!L12:L139) -> 4250 | M22: =الجدول3[[#This Row],[دائن خدمات]]-الجدول3[[#This Row],[مدين خدمات]] -> 0 | O22: =SUM('30'!O12:O140) -> 12000 | P22: =SUM('30'!P12:P140) -> 14400 | Q22: =الجدول3[[#This Row],[دائن مستحقات]]-الجدول3[[#This Row],[مدين مستحقات]] -> -2400 | S22: متأخر - موضوعه مع ابوبيان
B23: 31 | C23: ='31'!B2 -> علي يمني | D23: ='31'!B4 -> 2500370966 | E23: ='31'!E4 -> 0 | F23: ='31'!B6 -> 3606 | G23: ='31'!H6 -> 45658 | H23: ='31'!H4 -> محمود درويش | I23: =(TODAY()-الجدول3[[#This Row],[اخر تاريخ سداد]])/30 -> 10.633333 | K23: =SUM('31'!K12:K140) -> 1650 | L23: =SUM('31'!L12:L140) -> 1575 | M23: =الجدول3[[#This Row],[دائن خدمات]]-الجدول3[[#This Row],[مدين خدمات]] -> 75 | O23: =SUM('31'!O12:O141) -> 13700 | P23: =SUM('31'!P12:P141) -> 14400 | Q23: =الجدول3[[#This Row],[دائن مستحقات]]-الجدول3[[#This Row],[مدين مستحقات]] -> -700
B24: 32 | C24: ='32'!B2 -> مازن مقبل | D24: ='32'!B4 -> 2265016549 | E24: ='32'!E4 -> 0 | F24: ='32'!B6 -> 3599 | G24: ='32'!H6 -> 45870 | H24: ='32'!H4 -> ياسر مقبل 0552379915 | I24: =(TODAY()-الجدول3[[#This Row],[اخر تاريخ سداد]])/30 -> 3.5666667 | K24: =SUM('32'!K12:K141) -> 5085 | L24: =SUM('32'!L12:L141) -> 5535 | M24: =الجدول3[[#This Row],[دائن خدمات]]-الجدول3[[#This Row],[مدين خدمات]] -> -450 | O24: =SUM('32'!O12:O142) -> 11500 | P24: =SUM('32'!P12:P142) -> 13300 | Q24: =الجدول3[[#This Row],[دائن مستحقات]]-الجدول3[[#This Row],[مدين مستحقات]] -> -1800 | S24: تحت التواصل
B25: 33 | C25: ='33'!B2 -> أبو عبدالرحمن | D25: ='33'!B4 -> 2224029344 | E25: ='33'!E4 -> 0 | F25: ='33'!B6 -> 5645 / 9109 | G25: ='33'!H6 -> 0 | H25: ='33'!H4 -> نفسه | I25: =(TODAY()-الجدول3[[#This Row],[اخر تاريخ سداد]])/30 -> 1532.5667 | K25: =SUM('33'!K12:K142) -> 4050 | L25: =SUM('33'!L12:L142) -> 4050 | M25: =الجدول3[[#This Row],[دائن خدمات]]-الجدول3[[#This Row],[مدين خدمات]] -> 0 | O25: =SUM('33'!O12:O143) -> 3000 | P25: =SUM('33'!P12:P143) -> 7600 | Q25: =الجدول3[[#This Row],[دائن مستحقات]]-الجدول3[[#This Row],[مدين مستحقات]] -> -4600
B26: 35 | C26: ='35'!B2 -> إسماعيل إبراهيم | D26: ='35'!B4 -> 2270193812 | E26: ='35'!E6 -> 400 | F26: ='35'!B6 -> 7233 | G26: ='35'!H6 -> 45870 | H26: ='35'!H4 -> أبو عبدالله | I26: =(TODAY()-الجدول3[[#This Row],[اخر تاريخ سداد]])/30 -> 3.5666667 | K26: =SUM('35'!K12:K144) -> 67500 | L26: =SUM('35'!L12:L144) -> 67500 | M26: =الجدول3[[#This Row],[دائن خدمات]]-الجدول3[[#This Row],[مدين خدمات]] -> 0 | O26: =SUM('35'!O12:O145) -> 9600 | P26: =SUM('35'!P12:P145) -> 14400 | Q26: =الجدول3[[#This Row],[دائن مستحقات]]-الجدول3[[#This Row],[مدين مستحقات]] -> -4800 | S26: تحت التواصل
B27: 37 | C27: ='37'!B2 -> سرحان أبو ياسر | D27: ='37'!B4 -> 0 | E27: ='37'!E6 -> 400 | F27: ='37'!B6 -> 6123 | G27: ='37'!H6 -> 45853 | H27: ='37'!H4 -> احمد دقماق | I27: =(TODAY()-الجدول3[[#This Row],[اخر تاريخ سداد]])/30 -> 4.1333333 | K27: =SUM('37'!K12:K146) -> 150 | L27: =SUM('37'!L12:L146) -> 150 | M27: =الجدول3[[#This Row],[دائن خدمات]]-الجدول3[[#This Row],[مدين خدمات]] -> 0 | O27: =SUM('37'!O12:O147) -> 10250 | P27: =SUM('37'!P12:P147) -> 14400 | Q27: =الجدول3[[#This Row],[دائن مستحقات]]-الجدول3[[#This Row],[مدين مستحقات]] -> -4150 | S27: متأخر تحت التواصل
B28: 39 | C28: ='39'!B2 -> عاكف الشهوان | D28: ='39'!B4 -> 2542591397 | E28: ='39'!E6 -> 250 | F28: ='39'!B6 -> - | G28: ='39'!H6 -> 45450 | H28: ='39'!H4 -> رائد عبادي | I28: =(TODAY()-الجدول3[[#This Row],[اخر تاريخ سداد]])/30 -> 17.566667 | K28: =SUM('39'!K12:K148) -> 0 | L28: =SUM('39'!L12:L148) -> 0 | M28: =الجدول3[[#This Row],[دائن خدمات]]-الجدول3[[#This Row],[مدين خدمات]] -> 0 | O28: =SUM('39'!O12:O149) -> 5750 | P28: =SUM('39'!P12:P149) -> 5750 | Q28: =الجدول3[[#This Row],[دائن مستحقات]]-الجدول3[[#This Row],[مدين مستحقات]] -> 0 | S28: تم انهاء العلاقة
B29: 42 | C29: ='42'!B2 -> إبراهيم حمادي | D29: ='42'!B4 -> 2543333583 | E29: ='42'!E6 -> 250 | F29: ='42'!B6 -> - | G29: ='42'!H6 -> 45450 | H29: ='42'!H4 -> رائد عبادي | I29: =(TODAY()-الجدول3[[#This Row],[اخر تاريخ سداد]])/30 -> 17.566667 | K29: =SUM('42'!K12:K151) -> 0 | L29: =SUM('42'!L12:L151) -> 0 | M29: =الجدول3[[#This Row],[دائن خدمات]]-الجدول3[[#This Row],[مدين خدمات]] -> 0 | O29: =SUM('42'!O12:O152) -> 3000 | P29: =SUM('42'!P12:P152) -> 6000 | Q29: =الجدول3[[#This Row],[دائن مستحقات]]-الجدول3[[#This Row],[مدين مستحقات]] -> -3000 | S29: تم انهاء العلاقة
B30: 43 | C30: ='43'!B2 -> رائد عبادي | D30: ='43'!B4 -> 2543333229 | E30: ='43'!E6 -> 250 | F30: ='43'!B6 -> - | G30: ='43'!H6 -> 45450 | H30: ='43'!H4 -> تركيا | I30: =(TODAY()-الجدول3[[#This Row],[اخر تاريخ سداد]])/30 -> 17.566667 | K30: =SUM('43'!K12:K152) -> 0 | L30: =SUM('43'!L12:L152) -> 0 | M30: =الجدول3[[#This Row],[دائن خدمات]]-الجدول3[[#This Row],[مدين خدمات]] -> 0 | O30: =SUM('43'!O12:O153) -> 6000 | P30: =SUM('43'!P12:P153) -> 6000 | Q30: =الجدول3[[#This Row],[دائن مستحقات]]-الجدول3[[#This Row],[مدين مستحقات]] -> 0 | S30: تم انهاء العلاقة
B31: 45 | C31: ='45'!B2 -> محمد صالح | D31: ='45'!B4 -> 2338004068 | E31: ='45'!E6 -> 350 | F31: ='45'!B6 -> 6785 + 1644 | G31: ='45'!H6 -> 45444 | H31: ='45'!H4 -> سمير الخاوي | I31: =(TODAY()-الجدول3[[#This Row],[اخر تاريخ سداد]])/30 -> 17.766667 | K31: =SUM('45'!K12:K154) -> 449300 | L31: =SUM('45'!L12:L154) -> 485000 | M31: =الجدول3[[#This Row],[دائن خدمات]]-الجدول3[[#This Row],[مدين خدمات]] -> -35700 | O31: =SUM('45'!O12:O155) -> 2500 | P31: =SUM('45'!P12:P155) -> 7200 | Q31: =الجدول3[[#This Row],[دائن مستحقات]]-الجدول3[[#This Row],[مدين مستحقات]] -> -4700
B32: 46 | C32: ='46'!B2 -> موسى حسين | D32: ='46'!B4 -> 2305661932 | E32: ='46'!E6 -> 350 | F32: ='46'!B6 -> 7646 | G32: ='46'!H6 -> 45689 | H32: ='46'!H4 -> أبو عبدالله | I32: =(TODAY()-الجدول3[[#This Row],[اخر تاريخ سداد]])/30 -> 9.6 | K32: =SUM('46'!K12:K155) -> 241600 | L32: =SUM('46'!L12:L155) -> 241600 | M32: =الجدول3[[#This Row],[دائن خدمات]]-الجدول3[[#This Row],[مدين خدمات]] -> 0 | O32: =SUM('46'!O12:O156) -> 4750 | P32: =SUM('46'!P12:P156) -> 8400 | Q32: =الجدول3[[#This Row],[دائن مستحقات]]-الجدول3[[#This Row],[مدين مستحقات]] -> -3650
B33: 47 | C33: ='47'!B2 -> عبدالرحمن علي | D33: ='47'!B4 -> 2348671757 | E33: ='47'!E6 -> 300 | F33: ='47'!B6 -> 6800 | G33: ='47'!H6 -> 45658 | H33: ='47'!H4 -> عبدالرحيم حنداد | I33: =(TODAY()-الجدول3[[#This Row],[اخر تاريخ سداد]])/30 -> 10.633333 | K33: =SUM('47'!K12:K156) -> 5450 | L33: =SUM('47'!L12:L156) -> 5450 | M33: =الجدول3[[#This Row],[دائن خدمات]]-الجدول3[[#This Row],[مدين خدمات]] -> 0 | O33: =SUM('47'!O12:O157) -> 2976 | P33: =SUM('47'!P12:P157) -> 7200 | Q33: =الجدول3[[#This Row],[دائن مستحقات]]-الجدول3[[#This Row],[مدين مستحقات]] -> -4224
B34: 48 | C34: ='48'!B2 -> عبدالكريم العامري | D34: ='48'!B4 -> 2377776576 | E34: ='48'!E6 -> 300 | F34: ='48'!B6 -> 2700 | G34: ='48'!H6 -> 45834 | H34: ='48'!H4 -> نفسه | I34: =(TODAY()-الجدول3[[#This Row],[اخر تاريخ سداد]])/30 -> 4.7666667 | K34: =SUM('48'!K12:K157) -> 0 | L34: =SUM('48'!L12:L157) -> 0 | M34: =الجدول3[[#This Row],[دائن خدمات]]-الجدول3[[#This Row],[مدين خدمات]] -> 0 | O34: =SUM('48'!O12:O158) -> 3900 | P34: =SUM('48'!P12:P158) -> 3900 | Q34: =الجدول3[[#This Row],[دائن مستحقات]]-الجدول3[[#This Row],[مدين مستحقات]] -> 0
B35: 50 | C35: ='50'!B2 -> عبدالواحد معصار | D35: ='50'!B4 -> 2572919682 | E35: ='50'!E4 -> 0 | F35: ='50'!B6 -> 7123 | G35: ='50'!H6 -> 45778 | H35: ='50'!H4 -> سمير الخاوي | I35: =(TODAY()-الجدول3[[#This Row],[اخر تاريخ سداد]])/30 -> 6.6333333 | K35: =SUM('50'!K12:K159) -> 145058 | L35: =SUM('50'!L12:L159) -> 145058 | M35: =الجدول3[[#This Row],[دائن خدمات]]-الجدول3[[#This Row],[مدين خدمات]] -> 0 | O35: =SUM('50'!O12:O160) -> 3000 | P35: =SUM('50'!P12:P160) -> 6600 | Q35: =الجدول3[[#This Row],[دائن مستحقات]]-الجدول3[[#This Row],[مدين مستحقات]] -> -3600
B36: 51 | C36: ='51'!B2 -> سمير فارع | D36: ='51'!B4 -> 2183997853 | E36: ='51'!E4 -> 45421 | F36: ='51'!B6 -> 7455 / 7906 | G36: ='51'!H6 -> 45809 | H36: ='51'!H4 -> سمير الخاوي | I36: =(TODAY()-الجدول3[[#This Row],[اخر تاريخ سداد]])/30 -> 5.6 | K36: =SUM('51'!K12:K160) -> 130550 | L36: =SUM('51'!L12:L160) -> 130550 | M36: =الجدول3[[#This Row],[دائن خدمات]]-الجدول3[[#This Row],[مدين خدمات]] -> 0 | O36: =SUM('51'!O12:O161) -> 5000 | P36: =SUM('51'!P12:P161) -> 8400 | Q36: =الجدول3[[#This Row],[دائن مستحقات]]-الجدول3[[#This Row],[مدين مستحقات]] -> -3400 | S36: متأخر في الأقساط
B37: 52 | C37: ='52'!B2 -> جمال جارالله | D37: ='52'!B4 -> 2319609141 | E37: ='52'!E4 -> 45423 | F37: ='52'!B6 -> 2430 | G37: ='52'!H6 -> 45809 | H37: ='52'!H4 -> سمير الخاوي | I37: =(TODAY()-الجدول3[[#This Row],[اخر تاريخ سداد]])/30 -> 5.6 | K37: =SUM('52'!K12:K161) -> 242286 | L37: =SUM('52'!L12:L161) -> 257550 | M37: =الجدول3[[#This Row],[دائن خدمات]]-الجدول3[[#This Row],[مدين خدمات]] -> -15264 | O37: =SUM('52'!O12:O162) -> 0 | P37: =SUM('52'!P12:P162) -> 3600 | Q37: =الجدول3[[#This Row],[دائن مستحقات]]-الجدول3[[#This Row],[مدين مستحقات]] -> -3600 | S37: متأخر في الأقساط
B38: 53 | C38: ='53'!B2 -> ياسر مقبل | D38: ='53'!B4 -> 2265016549 | E38: ='53'!E4 -> 45444 | F38: ='53'!B6 -> 1716 | G38: ='53'!H6 -> 0 | H38: ='53'!H4 -> سمير الخاوي | I38: =(TODAY()-الجدول3[[#This Row],[اخر تاريخ سداد]])/30 -> 1532.5667 | K38: =SUM('53'!K12:K162) -> 325000 | L38: =SUM('53'!L12:L162) -> 325000 | M38: =الجدول3[[#This Row],[دائن خدمات]]-الجدول3[[#This Row],[مدين خدمات]] -> 0 | O38: =SUM('53'!O12:O163) -> 550 | P38: =SUM('53'!P12:P163) -> 3600 | Q38: =الجدول3[[#This Row],[دائن مستحقات]]-الجدول3[[#This Row],[مدين مستحقات]] -> -3050 | S38: متأخر في الأقساط
B39: 54 | C39: ='54'!B2 -> إبراهيم فارع | D39: ='54'!B4 -> 2283202089 | E39: ='54'!E4 -> 0 | F39: ='54'!B6 -> 2070 | G39: ='54'!H6 -> 45597 | H39: ='54'!H4 -> سمير الخاوي | I39: =(TODAY()-الجدول3[[#This Row],[اخر تاريخ سداد]])/30 -> 12.666667 | K39: =SUM('54'!K12:K163) -> 165000 | L39: =SUM('54'!L12:L163) -> 165000 | M39: =الجدول3[[#This Row],[دائن خدمات]]-الجدول3[[#This Row],[مدين خدمات]] -> 0 | O39: =SUM('54'!O12:O164) -> 0 | P39: =SUM('54'!P12:P164) -> 3600 | Q39: =الجدول3[[#This Row],[دائن مستحقات]]-الجدول3[[#This Row],[مدين مستحقات]] -> -3600
B40: 55 | C40: ='55'!B2 -> ياسر الباهلي | D40: ='55'!B4 -> 2304353085 | E40: ='55'!E4 -> 0 | F40: ='55'!B6 -> 1811 | G40: ='55'!H6 -> 45931 | H40: ='55'!H4 -> سمير الخاوي | I40: =(TODAY()-الجدول3[[#This Row],[اخر تاريخ سداد]])/30 -> 1.5333333 | K40: =SUM('55'!K12:K164) -> 230150 | L40: =SUM('55'!L12:L164) -> 230150 | M40: =الجدول3[[#This Row],[دائن خدمات]]-الجدول3[[#This Row],[مدين خدمات]] -> 0 | O40: =SUM('55'!O12:O165) -> 3600 | P40: =SUM('55'!P12:P165) -> 7200 | Q40: =الجدول3[[#This Row],[دائن مستحقات]]-الجدول3[[#This Row],[مدين مستحقات]] -> -3600
B41: 56 | C41: ='56'!B2 -> على الاحرق | D41: ='56'!B4 -> 2195990771 | E41: ='56'!E4 -> 0 | F41: ='56'!B6 -> 1994 | G41: ='56'!H6 -> 45962 | H41: ='56'!H4 -> سمير الخاوي | I41: =(TODAY()-الجدول3[[#This Row],[اخر تاريخ سداد]])/30 -> 0.5 | K41: =SUM('56'!K12:K165) -> 259297 | L41: =SUM('56'!L12:L165) -> 259300 | M41: =الجدول3[[#This Row],[دائن خدمات]]-الجدول3[[#This Row],[مدين خدمات]] -> -3 | O41: =SUM('56'!O12:O166) -> 2100 | P41: =SUM('56'!P12:P166) -> 3600 | Q41: =الجدول3[[#This Row],[دائن مستحقات]]-الجدول3[[#This Row],[مدين مستحقات]] -> -1500
B42: 57 | C42: ='57'!B2 -> احمد مطهر | D42: ='57'!B4 -> 2507980742 | E42: ='57'!E4 -> 0 | F42: ='57'!B6 -> 8116 | G42: ='57'!H6 -> 45536 | H42: ='57'!H4 -> سمير الخاوي | I42: =(TODAY()-الجدول3[[#This Row],[اخر تاريخ سداد]])/30 -> 14.7 | K42: =SUM('57'!K12:K166) -> 95000 | L42: =SUM('57'!L12:L166) -> 95000 | M42: =الجدول3[[#This Row],[دائن خدمات]]-الجدول3[[#This Row],[مدين خدمات]] -> 0 | O42: =SUM('57'!O12:O167) -> 3000 | P42: =SUM('57'!P12:P167) -> 3000 | Q42: =الجدول3[[#This Row],[دائن مستحقات]]-الجدول3[[#This Row],[مدين مستحقات]] -> 0
B43: 59 | C43: ='59'!B2 -> محمد سلام | D43: ='59'!B4 -> 2404229870 | E43: ='59'!E4 -> 0 | F43: ='59'!B6 -> 7353 | G43: ='59'!H6 -> 250806 | H43: ='59'!H4 -> نفسه | I43: =(TODAY()-الجدول3[[#This Row],[اخر تاريخ سداد]])/30 -> -6827.6333 | K43: =SUM('59'!K12:K168) -> 0 | L43: =SUM('59'!L12:L168) -> 0 | M43: =الجدول3[[#This Row],[دائن خدمات]]-الجدول3[[#This Row],[مدين خدمات]] -> 0 | O43: =SUM('59'!O12:O169) -> 4800 | P43: =SUM('59'!P12:P169) -> 9600 | Q43: =الجدول3[[#This Row],[دائن مستحقات]]-الجدول3[[#This Row],[مدين مستحقات]] -> -4800
B44: 61 | C44: ='61'!B2 -> محمود القاضي | D44: ='61'!B4 -> 2171441617 | E44: ='61'!E4 -> 0 | F44: ='61'!B6 -> 4179 | G44: ='61'!H6 -> 45627 | H44: ='61'!H4 -> اسامه الأشقر | I44: =(TODAY()-الجدول3[[#This Row],[اخر تاريخ سداد]])/30 -> 11.666667 | K44: =SUM('61'!K12:K170) -> 150 | L44: =SUM('61'!L12:L170) -> 150 | M44: =الجدول3[[#This Row],[دائن خدمات]]-الجدول3[[#This Row],[مدين خدمات]] -> 0 | O44: =SUM('61'!O12:O171) -> 3000 | P44: =SUM('61'!P12:P171) -> 8400 | Q44: =الجدول3[[#This Row],[دائن مستحقات]]-الجدول3[[#This Row],[مدين مستحقات]] -> -5400
B45: 62 | C45: ='62'!B2 -> محمد زيونه | D45: ='62'!B4 -> 2257258448 | E45: ='62'!E4 -> 0 | F45: ='62'!B6 -> 6922 | G45: ='62'!H6 -> 0 | H45: ='62'!H4 -> احمد دقماق | I45: =(TODAY()-الجدول3[[#This Row],[اخر تاريخ سداد]])/30 -> 1532.5667 | K45: =SUM('62'!K12:K171) -> 243000 | L45: =SUM('62'!L12:L171) -> 243000 | M45: =الجدول3[[#This Row],[دائن خدمات]]-الجدول3[[#This Row],[مدين خدمات]] -> 0 | O45: =SUM('62'!O12:O172) -> 0 | P45: =SUM('62'!P12:P172) -> 3600 | Q45: =الجدول3[[#This Row],[دائن مستحقات]]-الجدول3[[#This Row],[مدين مستحقات]] -> -3600
B46: 63 | C46: ='63'!B2 -> محمود العلوش | D46: ='63'!B4 -> 2149406072 | E46: ='63'!E4 -> 0 | F46: ='63'!B6 -> 5471 | G46: ='63'!H6 -> 45931 | H46: ='63'!H4 -> نفسه | I46: =(TODAY()-الجدول3[[#This Row],[اخر تاريخ سداد]])/30 -> 1.5333333 | K46: =SUM('63'!K12:K172) -> 563500 | L46: =SUM('63'!L12:L172) -> 550350 | M46: =الجدول3[[#This Row],[دائن خدمات]]-الجدول3[[#This Row],[مدين خدمات]] -> 13150 | O46: =SUM('63'!O12:O173) -> 7350 | P46: =SUM('63'!P12:P173) -> 8400 | Q46: =الجدول3[[#This Row],[دائن مستحقات]]-الجدول3[[#This Row],[مدين مستحقات]] -> -1050
B47: 64 | C47: ='64'!B2 -> محمد حسين الاحرق | D47: ='64'!B4 -> 2337860783 | E47: ='64'!E4 -> 0 | F47: ='64'!B6 -> 6388 | G47: ='64'!H6 -> 45839 | H47: ='64'!H4 -> سمير الخاوي | I47: =(TODAY()-الجدول3[[#This Row],[اخر تاريخ سداد]])/30 -> 4.6 | K47: =SUM('64'!K12:K173) -> 212000 | L47: =SUM('64'!L12:L173) -> 233675 | M47: =الجدول3[[#This Row],[دائن خدمات]]-الجدول3[[#This Row],[مدين خدمات]] -> -21675 | O47: =SUM('64'!O12:O174) -> 0 | P47: =SUM('64'!P12:P174) -> 3600 | Q47: =الجدول3[[#This Row],[دائن مستحقات]]-الجدول3[[#This Row],[مدين مستحقات]] -> -3600
B48: 66 | C48: ='66'!B2 -> محمد عباس | D48: ='66'!B4 -> 2243519036 | E48: ='66'!E4 -> 0 | F48: ='66'!B6 -> 5826 / 8484 | G48: ='66'!H6 -> 45901 | H48: ='66'!H4 -> ابويوسف مصري | I48: =(TODAY()-الجدول3[[#This Row],[اخر تاريخ سداد]])/30 -> 2.5333333 | K48: =SUM('66'!K12:K175) -> 415650 | L48: =SUM('66'!L12:L175) -> 478650 | M48: =الجدول3[[#This Row],[دائن خدمات]]-الجدول3[[#This Row],[مدين خدمات]] -> -63000 | O48: =SUM('66'!O12:O176) -> 0 | P48: =SUM('66'!P12:P176) -> 4200 | Q48: =الجدول3[[#This Row],[دائن مستحقات]]-الجدول3[[#This Row],[مدين مستحقات]] -> -4200
B49: 67 | C49: ='67'!B2 -> مبروك الطويل | D49: ='67'!B4 -> 2304309533 | E49: ='67'!E4 -> 0 | F49: ='67'!B6 -> 6901 | G49: ='67'!H6 -> 45627 | H49: ='67'!H4 -> سمير الخاوي | I49: =(TODAY()-الجدول3[[#This Row],[اخر تاريخ سداد]])/30 -> 11.666667 | K49: =SUM('67'!K12:K176) -> 195500 | L49: =SUM('67'!L12:L176) -> 195500 | M49: =الجدول3[[#This Row],[دائن خدمات]]-الجدول3[[#This Row],[مدين خدمات]] -> 0 | O49: =SUM('67'!O12:O177) -> 0 | P49: =SUM('67'!P12:P177) -> 3600 | Q49: =الجدول3[[#This Row],[دائن مستحقات]]-الجدول3[[#This Row],[مدين مستحقات]] -> -3600 | S49: متأخر في الأقساط
B50: 68 | C50: ='68'!B2 -> احمد الحمود | D50: ='68'!B4 -> 2284386295 | E50: ='68'!E4 -> 0 | F50: ='68'!B6 -> 6472 | G50: ='68'!H6 -> 45931 | H50: ='68'!H4 -> احمد دقماق | I50: =(TODAY()-الجدول3[[#This Row],[اخر تاريخ سداد]])/30 -> 1.5333333 | K50: =SUM('68'!K12:K177) -> 210150 | L50: =SUM('68'!L12:L177) -> 210150 | M50: =الجدول3[[#This Row],[دائن خدمات]]-الجدول3[[#This Row],[مدين خدمات]] -> 0 | O50: =SUM('68'!O12:O178) -> 1550 | P50: =SUM('68'!P12:P178) -> 3000 | Q50: =الجدول3[[#This Row],[دائن مستحقات]]-الجدول3[[#This Row],[مدين مستحقات]] -> -1450
B51: 69 | C51: ='69'!B2 -> حميد قجطاني | D51: ='69'!B4 -> 2263626067 | E51: ='69'!E4 -> 0 | F51: ='69'!B6 -> 8797 | G51: ='69'!H6 -> 45870 | H51: ='69'!H4 -> سمير الخاوي | I51: =(TODAY()-الجدول3[[#This Row],[اخر تاريخ سداد]])/30 -> 3.5666667 | K51: =SUM('69'!K12:K178) -> 206800 | L51: =SUM('69'!L12:L178) -> 225500 | M51: =الجدول3[[#This Row],[دائن خدمات]]-الجدول3[[#This Row],[مدين خدمات]] -> -18700 | O51: =SUM('69'!O12:O179) -> 0 | P51: =SUM('69'!P12:P179) -> 4200 | Q51: =الجدول3[[#This Row],[دائن مستحقات]]-الجدول3[[#This Row],[مدين مستحقات]] -> -4200
B52: 70 | C52: ='70'!B2 -> عبدالله احمد | D52: ='70'!B4 -> 2263564524 | E52: ='70'!E4 -> 0 | F52: ='70'!B6 -> 6995 | G52: ='70'!H6 -> 45962 | H52: ='70'!H4 -> احمد دقماق | I52: =(TODAY()-الجدول3[[#This Row],[اخر تاريخ سداد]])/30 -> 0.5 | K52: =SUM('70'!K12:K179) -> 235500 | L52: =SUM('70'!L12:L179) -> 235500 | M52: =الجدول3[[#This Row],[دائن خدمات]]-الجدول3[[#This Row],[مدين خدمات]] -> 0 | O52: =SUM('70'!O12:O180) -> 2750 | P52: =SUM('70'!P12:P180) -> 3000 | Q52: =الجدول3[[#This Row],[دائن مستحقات]]-الجدول3[[#This Row],[مدين مستحقات]] -> -250
B53: 71 | C53: ='71'!B2 -> طارق الحمدي | D53: ='71'!B4 -> 2494479682 | E53: ='71'!E4 -> 0 | F53: ='71'!B6 -> 8834 | G53: ='71'!H6 -> 251102 | H53: ='71'!H4 -> نفسه | I53: =(TODAY()-الجدول3[[#This Row],[اخر تاريخ سداد]])/30 -> -6837.5 | K53: =SUM('71'!K12:K180) -> 146000 | L53: =SUM('71'!L12:L180) -> 228500 | M53: =الجدول3[[#This Row],[دائن خدمات]]-الجدول3[[#This Row],[مدين خدمات]] -> -82500 | O53: =SUM('71'!O12:O181) -> 0 | P53: =SUM('71'!P12:P181) -> 0 | Q53: =الجدول3[[#This Row],[دائن مستحقات]]-الجدول3[[#This Row],[مدين مستحقات]] -> 0 | S53: متأخر في الأقساط
B54: 72 | C54: ='72'!B2 -> رامي الأحمد | D54: ='72'!B4 -> 0 | E54: ='72'!E4 -> 0 | F54: ='72'!B6 -> 8674 | G54: ='72'!H6 -> 45931 | H54: ='72'!H4 -> محمود العلوش | I54: =(TODAY()-الجدول3[[#This Row],[اخر تاريخ سداد]])/30 -> 1.5333333 | K54: =SUM('72'!K12:K181) -> 150 | L54: =SUM('72'!L12:L181) -> 150 | M54: =الجدول3[[#This Row],[دائن خدمات]]-الجدول3[[#This Row],[مدين خدمات]] -> 0 | O54: =SUM('72'!O12:O182) -> 4000 | P54: =SUM('72'!P12:P182) -> 4800 | Q54: =الجدول3[[#This Row],[دائن مستحقات]]-الجدول3[[#This Row],[مدين مستحقات]] -> -800
B55: 73 | C55: ='73'!B2 -> عبدالعزيز السوادي | D55: ='73'!B4 -> 2464566294 | E55: ='73'!E4 -> 0 | F55: ='73'!B6 -> 8796 | G55: ='73'!H6 -> 45870 | H55: ='73'!H4 -> سمير الخاوي | I55: =(TODAY()-الجدول3[[#This Row],[اخر تاريخ سداد]])/30 -> 3.5666667 | K55: =SUM('73'!K12:K182) -> 213000 | L55: =SUM('73'!L12:L182) -> 230000 | M55: =الجدول3[[#This Row],[دائن خدمات]]-الجدول3[[#This Row],[مدين خدمات]] -> -17000 | O55: =SUM('73'!O12:O183) -> 0 | P55: =SUM('73'!P12:P183) -> 4200 | Q55: =الجدول3[[#This Row],[دائن مستحقات]]-الجدول3[[#This Row],[مدين مستحقات]] -> -4200
B56: 74 | C56: ='74'!B2 -> هاني العامري | D56: ='74'!B4 -> 2460640168 | E56: ='74'!E4 -> 0 | F56: ='74'!B6 -> 3636 | G56: ='74'!H6 -> 45748 | H56: ='74'!H4 -> سمير الخاوي | I56: =(TODAY()-الجدول3[[#This Row],[اخر تاريخ سداد]])/30 -> 7.6333333 | K56: =SUM('74'!K12:K183) -> 226000 | L56: =SUM('74'!L12:L183) -> 226000 | M56: =الجدول3[[#This Row],[دائن خدمات]]-الجدول3[[#This Row],[مدين خدمات]] -> 0 | O56: =SUM('74'!O12:O184) -> 0 | P56: =SUM('74'!P12:P184) -> 3600 | Q56: =الجدول3[[#This Row],[دائن مستحقات]]-الجدول3[[#This Row],[مدين مستحقات]] -> -3600
B57: 75 | C57: ='75'!B2 -> احمد عيضة | D57: ='75'!B4 -> 2337819649 | E57: ='75'!E4 -> 0 | F57: ='75'!B6 -> 6265 | G57: ='75'!H6 -> 0 | H57: ='75'!H4 -> سمير الخاوي | I57: =(TODAY()-الجدول3[[#This Row],[اخر تاريخ سداد]])/30 -> 1532.5667 | K57: =SUM('75'!K12:K184) -> 154500 | L57: =SUM('75'!L12:L184) -> 235600 | M57: =الجدول3[[#This Row],[دائن خدمات]]-الجدول3[[#This Row],[مدين خدمات]] -> -81100 | O57: =SUM('75'!O12:O185) -> 0 | P57: =SUM('75'!P12:P185) -> 0 | Q57: =الجدول3[[#This Row],[دائن مستحقات]]-الجدول3[[#This Row],[مدين مستحقات]] -> 0
B58: 76 | C58: ='76'!B2 -> خالد يحيي | D58: ='76'!B4 -> 0 | E58: ='76'!E4 -> 0 | F58: ='76'!B6 -> باقي التحديد | G58: ='76'!H6 -> 0 | H58: ='76'!H4 -> سمير الخاوي | I58: =(TODAY()-الجدول3[[#This Row],[اخر تاريخ سداد]])/30 -> 1532.5667 | K58: =SUM('76'!K12:K185) -> 49500 | L58: =SUM('76'!L12:L185) -> 49500 | M58: =الجدول3[[#This Row],[دائن خدمات]]-الجدول3[[#This Row],[مدين خدمات]] -> 0 | O58: =SUM('76'!O12:O186) -> 0 | P58: =SUM('76'!P12:P186) -> 0 | Q58: =الجدول3[[#This Row],[دائن مستحقات]]-الجدول3[[#This Row],[مدين مستحقات]] -> 0
B59: 77 | C59: ='77'!B2 -> محمد المبارك | D59: ='77'!B4 -> 2265010625 | E59: ='77'!E4 -> 0 | F59: ='77'!B6 -> 8795 | G59: ='77'!H6 -> 0 | H59: ='77'!H4 -> ايهم | I59: =(TODAY()-الجدول3[[#This Row],[اخر تاريخ سداد]])/30 -> 1532.5667 | K59: =SUM('77'!K12:K186) -> 115900 | L59: =SUM('77'!L12:L186) -> 165900 | M59: =الجدول3[[#This Row],[دائن خدمات]]-الجدول3[[#This Row],[مدين خدمات]] -> -50000 | O59: =SUM('77'!O12:O187) -> 0 | P59: =SUM('77'!P12:P187) -> 0 | Q59: =الجدول3[[#This Row],[دائن مستحقات]]-الجدول3[[#This Row],[مدين مستحقات]] -> 0
B60: 78 | C60: ='78'!B2 -> احمد محمد العلي | D60: ='78'!B4 -> 231025913 | E60: ='78'!E4 -> 0 | F60: ='78'!B6 -> 3547 | G60: ='78'!H6 -> 45870 | H60: ='78'!H4 -> احمد دقماق | I60: =(TODAY()-الجدول3[[#This Row],[اخر تاريخ سداد]])/30 -> 3.5666667 | K60: =SUM('78'!K12:K187) -> 220000 | L60: =SUM('78'!L12:L187) -> 230100 | M60: =الجدول3[[#This Row],[دائن خدمات]]-الجدول3[[#This Row],[مدين خدمات]] -> -10100 | O60: =SUM('78'!O12:O188) -> 0 | P60: =SUM('78'!P12:P188) -> 1050 | Q60: =الجدول3[[#This Row],[دائن مستحقات]]-الجدول3[[#This Row],[مدين مستحقات]] -> -1050
B61: 79 | C61: ='79'!B2 -> صادق علي | D61: ='79'!B4 -> 2253825380 | E61: ='79'!E4 -> 0 | F61: ='79'!B6 -> 3516 | G61: ='79'!H6 -> 45809 | H61: ='79'!H4 -> سمير الخاوي | I61: =(TODAY()-الجدول3[[#This Row],[اخر تاريخ سداد]])/30 -> 5.6 | K61: =SUM('79'!K12:K188) -> 230500 | L61: =SUM('79'!L12:L188) -> 230500 | M61: =الجدول3[[#This Row],[دائن خدمات]]-الجدول3[[#This Row],[مدين خدمات]] -> 0 | O61: =SUM('79'!O12:O189) -> 0 | P61: =SUM('79'!P12:P189) -> 4200 | Q61: =الجدول3[[#This Row],[دائن مستحقات]]-الجدول3[[#This Row],[مدين مستحقات]] -> -4200
B62: 80 | C62: ='80'!B2 -> ماجد البراري | D62: ='80'!B4 -> 2264884954 | E62: ='80'!E4 -> 0 | F62: ='80'!B6 -> 3634 | G62: ='80'!H6 -> 0 | H62: ='80'!H4 -> سمير الخاوي | I62: =(TODAY()-الجدول3[[#This Row],[اخر تاريخ سداد]])/30 -> 1532.5667 | K62: =SUM('80'!K12:K189) -> 212800 | L62: =SUM('80'!L12:L189) -> 246800 | M62: =الجدول3[[#This Row],[دائن خدمات]]-الجدول3[[#This Row],[مدين خدمات]] -> -34000 | O62: =SUM('80'!O12:O190) -> 0 | P62: =SUM('80'!P12:P190) -> 3600 | Q62: =الجدول3[[#This Row],[دائن مستحقات]]-الجدول3[[#This Row],[مدين مستحقات]] -> -3600
B63: 81 | C63: ='81'!B2 -> وليد غالب | D63: ='81'!B4 -> بدون | E63: ='81'!E4 -> 0 | F63: ='81'!B6 -> 3635 | G63: ='81'!H6 -> 45778 | H63: ='81'!H4 -> سمير الخاوي | I63: =(TODAY()-الجدول3[[#This Row],[اخر تاريخ سداد]])/30 -> 6.6333333 | K63: =SUM('81'!K12:K190) -> 235500 | L63: =SUM('81'!L12:L190) -> 235500 | M63: =الجدول3[[#This Row],[دائن خدمات]]-الجدول3[[#This Row],[مدين خدمات]] -> 0 | O63: =SUM('81'!O12:O191) -> 0 | P63: =SUM('81'!P12:P191) -> 4200 | Q63: =الجدول3[[#This Row],[دائن مستحقات]]-الجدول3[[#This Row],[مدين مستحقات]] -> -4200
B64: 82 | C64: ='82'!B2 -> منير مدحت | D64: ='82'!B4 -> 2325017396 | E64: ='82'!E4 -> 0 | F64: ='81'!B6 -> 3635 | G64: ='82'!H6 -> 45839 | H64: ='82'!H4 -> احمد دقماق | I64: =(TODAY()-الجدول3[[#This Row],[اخر تاريخ سداد]])/30 -> 4.6 | K64: =SUM('82'!K12:K191) -> 230700 | L64: =SUM('82'!L12:L191) -> 230700 | M64: =الجدول3[[#This Row],[دائن خدمات]]-الجدول3[[#This Row],[مدين خدمات]] -> 0 | O64: =SUM('82'!O12:O192) -> 0 | P64: =SUM('82'!P12:P192) -> 4200 | Q64: =الجدول3[[#This Row],[دائن مستحقات]]-الجدول3[[#This Row],[مدين مستحقات]] -> -4200
B65: 83 | C65: ='83'!B2 -> علي محاميد | D65: ='83'!B4 -> 2326459845 | E65: ='83'!E4 -> 0 | F65: ='83'!B6 -> 3606 | G65: ='83'!H6 -> 45962 | H65: ='83'!H4 -> احمد دقماق | I65: =(TODAY()-الجدول3[[#This Row],[اخر تاريخ سداد]])/30 -> 0.5 | K65: =SUM('83'!K12:K192) -> 225000 | L65: =SUM('83'!L12:L192) -> 230000 | M65: =الجدول3[[#This Row],[دائن خدمات]]-الجدول3[[#This Row],[مدين خدمات]] -> -5000 | O65: =SUM('83'!O12:O193) -> 750 | P65: =SUM('83'!P12:P193) -> 3000 | Q65: =الجدول3[[#This Row],[دائن مستحقات]]-الجدول3[[#This Row],[مدين مستحقات]] -> -2250
B66: 84 | C66: ='84'!B2 -> إبراهيم يحيي | D66: ='84'!B4 -> 2479148013 | E66: ='84'!E4 -> 0 | F66: ='84'!B6 -> 3850 | G66: ='84'!H6 -> 0 | H66: ='84'!H4 -> سمير الخاوي | I66: =(TODAY()-الجدول3[[#This Row],[اخر تاريخ سداد]])/30 -> 1532.5667 | K66: =SUM('84'!K12:K193) -> 191339 | L66: =SUM('84'!L12:L193) -> 244800 | M66: =الجدول3[[#This Row],[دائن خدمات]]-الجدول3[[#This Row],[مدين خدمات]] -> -53461 | O66: =SUM('84'!O12:O194) -> 0 | P66: =SUM('84'!P12:P194) -> 0 | Q66: =الجدول3[[#This Row],[دائن مستحقات]]-الجدول3[[#This Row],[مدين مستحقات]] -> 0
B67: 85 | C67: ='85'!B2 -> حامد الاشول | D67: ='85'!B4 -> 2301096687 | E67: ='85'!E4 -> 0 | F67: ='85'!B6 -> 3830 | G67: ='85'!H6 -> 45962 | H67: ='85'!H4 -> سمير الخاوي | I67: =(TODAY()-الجدول3[[#This Row],[اخر تاريخ سداد]])/30 -> 0.5 | K67: =SUM('85'!K12:K194) -> 202605 | L67: =SUM('85'!L12:L194) -> 236350 | M67: =الجدول3[[#This Row],[دائن خدمات]]-الجدول3[[#This Row],[مدين خدمات]] -> -33745 | O67: =SUM('85'!O12:O195) -> 0 | P67: =SUM('85'!P12:P195) -> 3600 | Q67: =الجدول3[[#This Row],[دائن مستحقات]]-الجدول3[[#This Row],[مدين مستحقات]] -> -3600
B68: 86 | C68: ='86'!B2 -> جميل جابر الاحرق | D68: ='86'!B4 -> 2377877515 | E68: ='86'!E4 -> 0 | F68: ='86'!B6 -> 6264 | G68: ='86'!H6 -> 0 | H68: ='86'!H4 -> سمير الخاوي | I68: =(TODAY()-الجدول3[[#This Row],[اخر تاريخ سداد]])/30 -> 1532.5667 | K68: =SUM('86'!K12:K195) -> 204900 | L68: =SUM('86'!L12:L195) -> 229900 | M68: =الجدول3[[#This Row],[دائن خدمات]]-الجدول3[[#This Row],[مدين خدمات]] -> -25000 | O68: =SUM('86'!O12:O196) -> 0 | P68: =SUM('86'!P12:P196) -> 0 | Q68: =الجدول3[[#This Row],[دائن مستحقات]]-الجدول3[[#This Row],[مدين مستحقات]] -> 0
B69: 87 | C69: ='87'!B2 -> سليم الكلابي | D69: ='87'!B4 -> 2455422796 | E69: ='87'!E4 -> 0 | F69: ='87'!B6 -> 3838 | G69: ='87'!H6 -> 45901 | H69: ='87'!H4 -> سمير الخاوي | I69: =(TODAY()-الجدول3[[#This Row],[اخر تاريخ سداد]])/30 -> 2.5333333 | K69: =SUM('87'!K12:K196) -> 234950 | L69: =SUM('87'!L12:L196) -> 234950 | M69: =الجدول3[[#This Row],[دائن خدمات]]-الجدول3[[#This Row],[مدين خدمات]] -> 0 | O69: =SUM('87'!O12:O197) -> 389 | P69: =SUM('87'!P12:P197) -> 4200 | Q69: =الجدول3[[#This Row],[دائن مستحقات]]-الجدول3[[#This Row],[مدين مستحقات]] -> -3811
B70: 88 | C70: ='88'!B2 -> على رضا | D70: ='88'!B4 -> 2271261790 | E70: ='88'!E4 -> 0551927668 | F70: ='88'!B6 -> 5786 | G70: ='88'!H6 -> 46235 | H70: ='88'!H4 -> نفسه | I70: =(TODAY()-الجدول3[[#This Row],[اخر تاريخ سداد]])/30 -> -8.6 | K70: =SUM('88'!K12:K197) -> 0 | L70: =SUM('88'!L12:L197) -> 0 | M70: =الجدول3[[#This Row],[دائن خدمات]]-الجدول3[[#This Row],[مدين خدمات]] -> 0 | O70: =SUM('88'!O12:O198) -> 4800 | P70: =SUM('88'!P12:P198) -> 4800 | Q70: =الجدول3[[#This Row],[دائن مستحقات]]-الجدول3[[#This Row],[مدين مستحقات]] -> 0
B71: 89 | C71: ='89'!B2 -> احمد السوادي | D71: ='89'!B4 -> 0 | E71: ='89'!E4 -> 0 | F71: ='89'!B6 -> باقي الاختيار | G71: ='89'!H6 -> 0 | H71: ='89'!H4 -> سمير الخاوي | I71: =(TODAY()-الجدول3[[#This Row],[اخر تاريخ سداد]])/30 -> 1532.5667 | K71: =SUM('89'!K12:K198) -> 80000 | L71: =SUM('89'!L12:L198) -> 0 | M71: =الجدول3[[#This Row],[دائن خدمات]]-الجدول3[[#This Row],[مدين خدمات]] -> 80000 | O71: =SUM('89'!O12:O199) -> 0 | P71: =SUM('89'!P12:P199) -> 0 | Q71: =الجدول3[[#This Row],[دائن مستحقات]]-الجدول3[[#This Row],[مدين مستحقات]] -> 0
B72: 90 | C72: ='90'!$B$2 -> كريم يعقوب خان | D72: ='90'!$B$4 -> 2306905320 | E72: ='90'!$E$4 -> 0 | F72: ='90'!$B$6 -> 8940 | G72: ='90'!$H$6 -> 0 | H72: ='90'!$H$4 -> احمد دقماق | I72: =(TODAY()-الجدول3[[#This Row],[اخر تاريخ سداد]])/30 -> 1532.5667 | K72: =SUM('90'!$K$12:$K$199) -> 145600 | L72: =SUM('90'!$L$12:$L$199) -> 245600 | M72: =الجدول3[[#This Row],[دائن خدمات]]-الجدول3[[#This Row],[مدين خدمات]] -> -100000 | O72: =SUM('90'!$O$12:$O$200) -> 0 | P72: =SUM('90'!$P$12:$P$200) -> 0 | Q72: =الجدول3[[#This Row],[دائن مستحقات]]-الجدول3[[#This Row],[مدين مستحقات]] -> 0
B73: 91 | C73: ='91'!$B$2 -> خالد العلي | D73: ='91'!$B$4 -> 2219464423 | E73: ='91'!$E$4 -> 0 | F73: ='91'!$B$6 -> 4669 | G73: ='91'!$H$6 -> 0 | H73: ='91'!$H$4 -> احمد دقماق | I73: =(TODAY()-الجدول3[[#This Row],[اخر تاريخ سداد]])/30 -> 1532.5667 | K73: =SUM('91'!$K$12:$K$199) -> 0 | L73: =SUM('91'!$L$12:$L$199) -> 0 | M73: =الجدول3[[#This Row],[دائن خدمات]]-الجدول3[[#This Row],[مدين خدمات]] -> 0 | O73: =SUM('91'!$O$12:$O$200) -> 0 | P73: =SUM('91'!$P$12:$P$200) -> 2500 | Q73: =الجدول3[[#This Row],[دائن مستحقات]]-الجدول3[[#This Row],[مدين مستحقات]] -> -2500
B74: 92 | C74: ='92'!$B$2 -> محمد كريم الخيرو | D74: ='92'!$B$4 -> 2253980961 | E74: ='92'!$E$4 -> 0 | F74: ='92'!$B$6 -> 8465 | G74: ='92'!$H$6 -> 0 | H74: ='92'!$H$4 -> احمد دقماق | I74: =(TODAY()-الجدول3[[#This Row],[اخر تاريخ سداد]])/30 -> 1532.5667 | K74: =SUM('92'!$K$12:$K$199) -> 157100 | L74: =SUM('92'!$L$12:$L$199) -> 237100 | M74: =الجدول3[[#This Row],[دائن خدمات]]-الجدول3[[#This Row],[مدين خدمات]] -> -80000 | O74: =SUM('92'!$O$12:$O$200) -> 0 | P74: =SUM('92'!$P$12:$P$200) -> 0 | Q74: =الجدول3[[#This Row],[دائن مستحقات]]-الجدول3[[#This Row],[مدين مستحقات]] -> 0
B75: 93 | C75: ='93'!$B$2 -> برهان بندر | D75: ='93'!$B$4 -> 2594452514 | E75: ='93'!$E$4 -> 0 | F75: ='93'!$B$6 -> 7668 | G75: ='93'!$H$6 -> 0 | H75: ='93'!$H$4 -> احمد دقماق | I75: =(TODAY()-الجدول3[[#This Row],[اخر تاريخ سداد]])/30 -> 1532.5667 | K75: =SUM('93'!$K$12:$K$199) -> 155000 | L75: =SUM('93'!$L$12:$L$199) -> 200700 | M75: =الجدول3[[#This Row],[دائن خدمات]]-الجدول3[[#This Row],[مدين خدمات]] -> -45700 | O75: =SUM('93'!$O$12:$O$200) -> 0 | P75: =SUM('93'!$P$12:$P$200) -> 0 | Q75: =الجدول3[[#This Row],[دائن مستحقات]]-الجدول3[[#This Row],[مدين مستحقات]] -> 0
B76: 94 | C76: ='94'!$B$2 -> 0 | D76: ='94'!$B$4 -> 0 | E76: ='94'!$E$4 -> 0 | F76: ='94'!$B$6 -> 0 | G76: ='94'!$H$6 -> 0 | H76: ='94'!$H$4 -> 0 | I76: =(TODAY()-الجدول3[[#This Row],[اخر تاريخ سداد]])/30 -> 1532.5667 | K76: =SUM('94'!$K$12:$K$199) -> 0 | L76: =SUM('94'!$L$12:$L$199) -> 0 | M76: =الجدول3[[#This Row],[دائن خدمات]]-الجدول3[[#This Row],[مدين خدمات]] -> 0 | O76: =SUM('94'!$O$12:$O$200) -> 0 | P76: =SUM('94'!$P$12:$P$200) -> 0 | Q76: =الجدول3[[#This Row],[دائن مستحقات]]-الجدول3[[#This Row],[مدين مستحقات]] -> 0
B77: 95 | C77: ='95'!$B$2 -> 0 | D77: ='95'!$B$4 -> 0 | E77: ='95'!$E$4 -> 0 | F77: ='95'!$B$6 -> 0 | G77: ='95'!$H$6 -> 0 | H77: ='95'!$H$4 -> 0 | I77: =(TODAY()-الجدول3[[#This Row],[اخر تاريخ سداد]])/30 -> 1532.5667 | K77: =SUM('95'!$K$12:$K$199) -> 0 | L77: =SUM('95'!$L$12:$L$199) -> 0 | M77: =الجدول3[[#This Row],[دائن خدمات]]-الجدول3[[#This Row],[مدين خدمات]] -> 0 | O77: =SUM('95'!$O$12:$O$200) -> 0 | P77: =SUM('95'!$P$12:$P$200) -> 0 | Q77: =الجدول3[[#This Row],[دائن مستحقات]]-الجدول3[[#This Row],[مدين مستحقات]] -> 0
B78: 96 | C78: ='96'!$B$2 -> 0 | D78: ='96'!$B$4 -> 0 | E78: ='96'!$E$4 -> 0 | F78: ='96'!$B$6 -> 0 | G78: ='96'!$H$6 -> 0 | H78: ='96'!$H$4 -> 0 | I78: =(TODAY()-الجدول3[[#This Row],[اخر تاريخ سداد]])/30 -> 1532.5667 | K78: =SUM('96'!$K$12:$K$199) -> 0 | L78: =SUM('96'!$L$12:$L$199) -> 0 | M78: =الجدول3[[#This Row],[دائن خدمات]]-الجدول3[[#This Row],[مدين خدمات]] -> 0 | O78: =SUM('96'!$O$12:$O$200) -> 0 | P78: =SUM('96'!$P$12:$P$200) -> 0 | Q78: =الجدول3[[#This Row],[دائن مستحقات]]-الجدول3[[#This Row],[مدين مستحقات]] -> 0
B79: 97 | C79: ='97'!$B$2 -> 0 | D79: ='97'!$B$4 -> 0 | E79: ='97'!$E$4 -> 0 | F79: ='97'!$B$6 -> 0 | G79: ='97'!$H$6 -> 0 | H79: ='97'!$H$4 -> 0 | I79: =(TODAY()-الجدول3[[#This Row],[اخر تاريخ سداد]])/30 -> 1532.5667 | K79: =SUM('97'!$K$12:$K$199) -> 0 | L79: =SUM('97'!$L$12:$L$199) -> 0 | M79: =الجدول3[[#This Row],[دائن خدمات]]-الجدول3[[#This Row],[مدين خدمات]] -> 0 | O79: =SUM('97'!$O$12:$O$200) -> 0 | P79: =SUM('97'!$P$12:$P$200) -> 0 | Q79: =الجدول3[[#This Row],[دائن مستحقات]]-الجدول3[[#This Row],[مدين مستحقات]] -> 0
B80: 98 | C80: ='98'!$B$2 -> 0 | D80: ='98'!$B$4 -> 0 | E80: ='98'!$E$4 -> 0 | F80: ='98'!$B$6 -> 0 | G80: ='98'!$H$6 -> 0 | H80: ='98'!$H$4 -> 0 | I80: =(TODAY()-الجدول3[[#This Row],[اخر تاريخ سداد]])/30 -> 1532.5667 | K80: =SUM('98'!$K$12:$K$199) -> 0 | L80: =SUM('98'!$L$12:$L$199) -> 0 | M80: =الجدول3[[#This Row],[دائن خدمات]]-الجدول3[[#This Row],[مدين خدمات]] -> 0 | O80: =SUM('98'!$O$12:$O$200) -> 0 | P80: =SUM('98'!$P$12:$P$200) -> 0 | Q80: =الجدول3[[#This Row],[دائن مستحقات]]-الجدول3[[#This Row],[مدين مستحقات]] -> 0
B81: 99 | C81: ='99'!$B$2 -> 0 | D81: ='99'!$B$4 -> 0 | E81: ='99'!$E$4 -> 0 | F81: ='99'!$B$6 -> 0 | G81: ='99'!$H$6 -> 0 | H81: ='99'!$H$4 -> 0 | I81: =(TODAY()-الجدول3[[#This Row],[اخر تاريخ سداد]])/30 -> 1532.5667 | K81: =SUM('99'!$K$12:$K$199) -> 0 | L81: =SUM('99'!$L$12:$L$199) -> 0 | M81: =الجدول3[[#This Row],[دائن خدمات]]-الجدول3[[#This Row],[مدين خدمات]] -> 0 | O81: =SUM('99'!$O$12:$O$200) -> 0 | P81: =SUM('99'!$P$12:$P$200) -> 0 | Q81: =الجدول3[[#This Row],[دائن مستحقات]]-الجدول3[[#This Row],[مدين مستحقات]] -> 0
B82: 100 | C82: ='100'!$B$2 -> 0 | D82: ='100'!$B$4 -> 0 | E82: ='100'!$E$4 -> 0 | F82: ='100'!$B$6 -> 0 | G82: ='100'!$H$6 -> 0 | H82: ='100'!$H$4 -> 0 | I82: =(TODAY()-الجدول3[[#This Row],[اخر تاريخ سداد]])/30 -> 1532.5667 | K82: =SUM('100'!$K$12:$K$199) -> 0 | L82: =SUM('100'!$L$12:$L$199) -> 0 | M82: =الجدول3[[#This Row],[دائن خدمات]]-الجدول3[[#This Row],[مدين خدمات]] -> 0 | O82: =SUM('100'!$O$12:$O$200) -> 0 | P82: =SUM('100'!$P$12:$P$200) -> 0 | Q82: =الجدول3[[#This Row],[دائن مستحقات]]-الجدول3[[#This Row],[مدين مستحقات]] -> 0
B83: 101 | C83: ='101'!$B$2 -> احمد | D83: ='101'!$B$4 -> 123456 | E83: ='100'!$E$4 -> 0 | M83: =الجدول3[[#This Row],[دائن خدمات]]-الجدول3[[#This Row],[مدين خدمات]] -> 0 | O83: =SUM(#REF!) -> #REF! | P83: =SUM(#REF!) -> #REF! | Q83: =الجدول3[[#This Row],[دائن مستحقات]]-الجدول3[[#This Row],[مدين مستحقات]] -> #REF!

Sheet 1
A2: الاسم | B2: محمد احمد اطرش | D2: الجوال | E2: 0559267482 | G2: طبيعة العمل | H2: سائق شاحنة له | J2: ملاحظات | K2: على الكفاله / لديه شاحنه على اسطول الخليج
A4: الاقامه | B4: 2275610844 | D4: بداية | E4: 44181 | G4: من طرف | H4: ابوبيان
A6: السيارة | D6: شهريا | E6: =3000/12 -> 250 | G6: مسدد الى تاريخ | H6: 44181
A8: كشف السائقين | K8: =SUM(K54:K108) -> 40900 | L8: =SUM(L54:L108) -> 41529 | M8: =K8-L8 -> -629 | O8: =SUM(O12:O108) -> 0 | P8: =SUM(P12:P108) -> 5000 | Q8: =O8-P8 -> -5000
K10: خدمات عامة | O10: مستحقات
A11: م | B11: التاريخ | C11: البيان | K11: دائن | L11: مدين | M11: الرصيد | O11: دائن | P11: مدين | Q11: الرصيد
A12: 1 | B12: 44596 | C12: تامين خالص حسابه | K12: 0 | L12: 0 | M12: =(K12-L12) -> 0 | O12: 0 | P12: 0 | Q12: =O12-P12 -> 0
A13: 2 | B13: 44615 | C13: مبلغ كاش قيمة تغيير عملة مقطوعه | K13: 450 | L13: 0 | M13: =(K13-L13) -> 450 | O13: 0 | P13: 0 | Q13: =O13-P13 -> 0
A14: 3 | B14: 44618 | C14: بالونات من العمري | K14: 0 | L14: 575 | M14: =(K14-L14+M13) -> -125 | O14: 0 | P14: 0 | Q14: =O14-P14+Q13 -> 0
A15: 4 | B15: 44616 | C15: مساعد غمارة | K15: 0 | L15: 330 | M15: =(K15-L15+M14) -> -455 | O15: 0 | P15: 0 | Q15: =O15-P15+Q14 -> 0
A16: 5 | B16: قديم | C16: بطارية براد | K16: 0 | L16: 350 | M16: =(K16-L16+M15) -> -805 | O16: 0 | P16: 0 | Q16: =O16-P16+Q15 -> 0
A17: 6 | B17: قديم | C17: اصلاح ورشة أنور | K17: 0 | L17: 1500 | M17: =(K17-L17+M16) -> -2305 | O17: 0 | P17: 0 | Q17: =O17-P17+Q16 -> 0
A18: 7 | B18: 44625 | C18: سداد مخالفه إشارة | K18: 3000 | L18: 0 | M18: =(K18-L18+M17) -> 695 | O18: 0 | P18: 0 | Q18: =O18-P18+Q17 -> 0
A19: 8 | B19: 44625 | C19: خطاب غرفة تجارية | K19: 0 | L19: 100 | M19: =(K19-L19+M18) -> 595 | O19: 0 | P19: 0 | Q19: =O19-P19+Q18 -> 0
A20: 9 | B20: 44627 | C20: ثلاجة | L20: 850 | M20: =(K20-L20+M19) -> -255 | O20: 0 | P20: 0 | Q20: =O20-P20+Q19 -> 0
A21: 10 | B21: 44636 | C21: حمل من جدة الى دبي | K21: 3000 | L21: 0 | M21: =(K21-L21+M20) -> 2745 | O21: 0 | P21: 0 | Q21: =O21-P21+Q20 -> 0
A22: 11 | C22: حمل من الدمام الى جدة | K22: 1700 | L22: 0 | M22: =(K22-L22+M21) -> 4445 | O22: 0 | P22: 0 | Q22: =O22-P22+Q21 -> 0
A23: 12 | B23: 44690 | C23: حمل من جدة الى الدمام 6108 | K23: 2200 | L23: 0 | M23: =(K23-L23+M22) -> 6645 | O23: 0 | P23: 0 | Q23: =O23-P23+Q22 -> 0
A24: 13 | C24: كاش من ابوبيان و محمد | K24: 0 | L24: 5000 | M24: =(K24-L24+M23) -> 1645 | O24: 0 | P24: 0 | Q24: =O24-P24+Q23 -> 0
A25: 14 | C25: سداد مخالفات على اقامته | K25: 0 | L25: 4600 | M25: =(K25-L25+M24) -> -2955 | O25: 0 | P25: 0 | Q25: =O25-P25+Q24 -> 0
A26: 15 | B26: 44776 | C26: تحويل الى لبنان | K26: 0 | L26: 1500 | M26: =(K26-L26+M25) -> -4455 | O26: 0 | P26: 0 | Q26: =O26-P26+Q25 -> 0
A27: 16 | B27: 44778 | C27: رسوم من 01 / 05 / 1442 الى 01 / 05 / 1443 | K27: 0 | L27: 0 | M27: =(K27-L27+M26) -> -4455 | O27: 0 | P27: =250*12 -> 3000 | Q27: =O27-P27+Q26 -> -3000
A28: 17 | B28: 44778 | C28: رسوم من 01 / 05 / 1443 الى 01 / 01 / 1444 | K28: 0 | L28: 0 | M28: =(K28-L28+M27) -> -4455 | O28: 0 | P28: =250*8 -> 2000 | Q28: =O28-P28+Q27 -> -5000
A29: 18 | C29: تفويض دولي شهر | K29: 0 | L29: 100 | M29: =(K29-L29+M28) -> -4555 | O29: 0 | P29: 0 | Q29: =O29-P29+Q28 -> -5000
A30: 19 | B30: 44842 | C30: تجديد كارت تشغيل 7353 | K30: 0 | L30: 115 | M30: =(K30-L30+M29) -> -4670 | O30: 0 | P30: 0 | Q30: =O30-P30+Q29 -> -5000
A31: 20 | B31: 44880 | C31: تفويض دولي 6 شهور | K31: 0 | L31: 400 | M31: =(K31-L31+M30) -> -5070 | O31: 0 | P31: 0 | Q31: =O31-P31+Q30 -> -5000
A32: 21 | B32: 44883 | C32: تحويل الى عبد القادر اطرش | K32: 0 | L32: 1500 | M32: =(K32-L32+M31) -> -6570 | O32: 0 | P32: 0 | Q32: =O32-P32+Q31 -> -5000
A33: 22 | C33: كارت سائق | L33: 115 | M33: =(K33-L33+M32) -> -6685 | O33: 0 | P33: 0 | Q33: =O33-P33+Q32 -> -5000
A34: 23 | C34: طباعه إقامة | L34: 50 | M34: =(K34-L34+M33) -> -6735 | O34: 0 | P34: 0 | Q34: =O34-P34+Q33 -> -5000
A35: 24 | B35: 44916 | C35: دفعه من مديونية خدمات وقت نقل الكفاله | K35: 2280 | L35: 0 | M35: =(K35-L35+M34) -> -4455 | O35: 0 | P35: 0 | Q35: =O35-P35+Q34 -> -5000
A36: 25 | B36: 44929 | C36: حمل امريكانا من جدة الى الدمام 6710 | K36: 2200 | L36: 0 | M36: =(K36-L36+M35) -> -2255 | O36: 0 | P36: 0 | Q36: =O36-P36+Q35 -> -5000
A37: 26 | B37: 44935 | C37: حملين مناديل من الدمام الى جدة | K37: =1800*2 -> 3600 | L37: 0 | M37: =(K37-L37+M36) -> 1345 | O37: 0 | P37: 0 | Q37: =O37-P37+Q36 -> -5000
A38: 27 | B38: 44941 | C38: حمل امريكانا من جدة الى الدمام 6746 | K38: 2200 | L38: 0 | M38: =(K38-L38+M37) -> 3545 | O38: 0 | P38: 0 | Q38: =O38-P38+Q37 -> -5000
A39: 28 | B39: 44947 | C39: سداد مخالفات على اقامته | K39: 0 | L39: 300 | M39: =(K39-L39+M38) -> 3245 | O39: 0 | P39: 0 | Q39: =O39-P39+Q38 -> -5000
A40: 29 | B40: 44993 | C40: مبلغ محول عن طريق محمد صاحب مهند | L40: 2000 | M40: =(K40-L40+M39) -> 1245 | O40: 0 | P40: 0 | Q40: =O40-P40+Q39 -> -5000
A41: 30 | B41: 45005 | C41: سداد مخالفات على أقامه ابواحمد تخصم من جويل - وقت تمديد التاشيره | K41: 0 | L41: 1800 | M41: =(K41-L41+M40) -> -555 | O41: 0 | P41: 0 | Q41: =O41-P41+Q40 -> -5000
A42: 31 | B42: 45005 | C42: تمديد خروج وعودة شهرين رسوم جوازات + ابشر | K42: 0 | L42: 350 | M42: =(K42-L42+M41) -> -905 | O42: 0 | P42: 0 | Q42: =O42-P42+Q41 -> -5000
A43: 32 | B43: 45017 | C43: شغل السياره حتى 30 / 3 / 2023 | K43: 11210 | L43: 0 | M43: =(K43-L43+M42) -> 10305 | O43: 0 | P43: 0 | Q43: =O43-P43+Q42 -> -5000
A44: 33 | B44: 45025 | C44: مبلغ محول عن طريق محمد صاحب مهند | K44: 0 | L44: 2000 | M44: =(K44-L44+M43) -> 8305 | O44: 0 | P44: 0 | Q44: =O44-P44+Q43 -> -5000
A45: 34 | B45: 45062 | C45: حملين من الدمام الى جدة | K45: =1800*2 -> 3600 | L45: 0 | M45: =(K45-L45+M44) -> 11905 | O45: 0 | P45: 0 | Q45: =O45-P45+Q44 -> -5000
A46: 35 | B46: 45063 | C46: حمل امريكانا 6934 | K46: 2200 | L46: 0 | M46: =(K46-L46+M45) -> 14105 | O46: 0 | P46: 0 | Q46: =O46-P46+Q45 -> -5000
A47: 36 | B47: 45077 | C47: حمل من جدة الى الدمام خارجي ب 2000 + سلفه من محمد 500 | K47: 2000 | L47: 500 | M47: =(K47-L47+M46) -> 15605 | O47: 0 | P47: 0 | Q47: =O47-P47+Q46 -> -5000
A48: 37 | B48: 45078 | C48: سلف 500 احمد + 2500 جاسم + 500 ابوبيان + 500 جاسم + 1000 ابوبيان + 500 محمد + 1000 ابوبيان + 1000 احمد +1400 مصروف من احمد + 500 + جاسم وابوبيان 415 + ابوبيان 2500+ تحويل 300 دولار يعادل 1125 | K48: 0 | L48: =500+2500+1000+500+500+500+1000+500+415+1000+1500+1125 -> 11040 | M48: =(K48-L48+M47) -> 4565 | O48: 0 | P48: 0 | Q48: =O48-P48+Q47 -> -5000
A49: 38 | B49: 45081 | C49: حمل من الدمام الى جدة | K49: 1800 | L49: 0 | M49: =(K49-L49+M48) -> 6365 | O49: 0 | P49: 0 | Q49: =O49-P49+Q48 -> -5000
A50: 39 | C50: مخالفات شهر 6 و 7 / 2023 سرعه وقوف جوال | K50: 0 | L50: =1250+100 -> 1350 | M50: =(K50-L50+M49) -> 5015 | O50: 0 | P50: 0 | Q50: =O50-P50+Q49 -> -5000
A51: 40 | B51: 45139 | C51: سداد مخالفات على اقامته | K51: 0 | L51: 1600 | M51: =(K51-L51+M50) -> 3415 | O51: 0 | P51: 0 | Q51: =O51-P51+Q50 -> -5000
A52: 41 | C52: خروج وعودة مفرد شهر | K52: 0 | L52: 200 | M52: =(K52-L52+M51) -> 3215 | O52: 0 | P52: 0 | Q52: =O52-P52+Q51 -> -5000
A53: 42 | B53: تم اقفال الحساب القديم وتصفيته الى تاريخ 06 / 08 / 2023 واحتساب الاحمال والصيانه وتجديد أقامه سنه وعمل خروج وعودة مفرده وسداد مخالفات على اقامته قبل هذا التاريخ وباقي الى أبو احمد مبلغ 5600 | O53: 0 | P53: 0 | Q53: =O53-P53+Q52 -> -5000
A54: 43 | B54: 45144 | C54: باقي الي أبو احمد بعد تصفية الحساب | K54: 5600 | L54: 0 | M54: =(K54-L54+M53) -> 5600 | O54: 0 | P54: 0 | Q54: =O54-P54+Q53 -> -5000
A55: 44 | B55: 45161 | C55: خروج وعودة متعدده | K55: 0 | L55: 1300 | M55: =(K55-L55+M54) -> 4300 | O55: 0 | P55: 0 | Q55: =O55-P55+Q54 -> -5000
A56: 45 | B56: 45161 | C56: تفويض دولي 6 شهور + تصفية حساب | K56: 0 | L56: 4300 | M56: =(K56-L56+M55) -> 0 | O56: 0 | P56: 0 | Q56: =O56-P56+Q55 -> -5000
A57: 46 | C57: وثيقة نقل عدد 5 حتى تاريخ 26 / 9 | L57: =5*50 -> 250 | M57: =(K57-L57+M56) -> -250 | O57: 0 | P57: 0 | Q57: =O57-P57+Q56 -> -5000
A58: 47 | B58: 45250 | C58: طلب زياره و وثائق نقل | L58: 750 | M58: =(K58-L58+M57) -> -1000 | O58: 0 | P58: 0 | Q58: =O58-P58+Q57 -> -5000
A59: 48 | B59: 45281 | C59: سداد مخالفات على اقامته | L59: 3100 | M59: =(K59-L59+M58) -> -4100 | O59: 0 | P59: 0 | Q59: =O59-P59+Q58 -> -5000
A60: 49 | B60: 45281 | C60: سداد رسوم تغيير مهنة | L60: 1000 | M60: =(K60-L60+M59) -> -5100 | O60: 0 | P60: 0 | Q60: =O60-P60+Q59 -> -5000
A61: 50 | B61: 45281 | C61: نقل معلومات | L61: 300 | M61: =(K61-L61+M60) -> -5400 | O61: 0 | P61: 0 | Q61: =O61-P61+Q60 -> -5000
A62: 51 | B62: 45281 | C62: مبلغ مدفوع الى ابوبيان كاش | K62: 8500 | M62: =(K62-L62+M61) -> 3100 | O62: 0 | P62: 0 | Q62: =O62-P62+Q61 -> -5000
A63: 52 | B63: 45286 | C63: سداد مخالفات على اقامته | L63: 300 | M63: =(K63-L63+M62) -> 2800 | O63: 0 | P63: 0 | Q63: =O63-P63+Q62 -> -5000
A64: 53 | B64: 45349 | C64: سداد مخالفات على اقامته | L64: 150 | M64: =(K64-L64+M63) -> 2650 | O64: 0 | P64: 0 | Q64: =O64-P64+Q63 -> -5000
A65: 54 | B65: 45349 | C65: تفويض دولي | L65: 300 | M65: =(K65-L65+M64) -> 2350 | O65: 0 | P65: 0 | Q65: =O65-P65+Q64 -> -5000
A66: 55 | B66: 45379 | C66: تحويل الى علي المجزوب | L66: 1200 | M66: =(K66-L66+M65) -> 1150 | O66: 0 | P66: 0 | Q66: =O66-P66+Q65 -> -5000
A67: 56 | B67: 45433 | C67: تحويل على 110 قيمة ايجار حمل | K67: 2500 | L67: 0 | M67: =(K67-L67+M66) -> 3650 | O67: 0 | P67: 0 | Q67: =O67-P67+Q66 -> -5000
A68: 57 | B68: 45439 | C68: مخالفات وقت تجديد الرخصة 6513 + رسوم تجديد رخصه 200 + فحص وتعقيب 500 | K68: 0 | L68: 7213 | M68: =(K68-L68+M67) -> -3563 | O68: 0 | P68: 0 | Q68: =O68-P68+Q67 -> -5000
A69: 58 | B69: 45558 | C69: لابو احمد حمل امريكانا2400 + حمل النمله2600 + تحويلات على حساب 306 مبلغ 2500+3300+4000 + قيمة عمل كارت زياره الى راكشا و أبو الليل 1000 | K69: =2400+2600+2500+3300+4000+1000 -> 15800 | L69: 0 | M69: =(K69-L69+M68) -> 12237 | O69: 0 | P69: 0 | Q69: =O69-P69+Q68 -> -5000
A70: 59 | B70: 45558 | C70: على ابواحمد 2 كفرات 2200 + راتب راكشا وقت احضار سياره ابواحمد1600 + تغيير زيت220 + تحويل الى لبنان 1000 + باقي قيمة السياره ل وسيم 10000 | L70: =2200+1600+220+1000+10000 -> 15020 | M70: =(K70-L70+M69) -> -2783 | O70: 0 | P70: 0 | Q70: =O70-P70+Q69 -> -5000
A71: 60 | B71: 45591 | C71: حمل النمله تاريخ 12 / 10 | K71: 2600 | L71: 0 | M71: =(K71-L71+M70) -> -183 | O71: 0 | P71: 0 | Q71: =O71-P71+Q70 -> -5000
A72: 61 | B72: 45591 | C72: مخالفة على احمد مطهر 8572 + 1155 مبلغ 226 | K72: 0 | L72: 226 | M72: =(K72-L72+M71) -> -409 | O72: 0 | P72: 0 | Q72: =O72-P72+Q71 -> -5000
A73: 62 | C73: مخالفة على احمد مطهر 3015 + 1051 مبلغ 1500 | K73: 0 | L73: 1500 | M73: =(K73-L73+M72) -> -1909 | O73: 0 | P73: 0 | Q73: =O73-P73+Q72 -> -5000
A74: 63 | B74: 45658 | C74: مخالفة على احمد مطهر 113 + 75 + 113 | L74: =113+75+113 -> 301 | M74: =(K74-L74+M73) -> -2210 | O74: 0 | P74: 0 | Q74: =O74-P74+Q73 -> -5000
A75: 64 | B75: 45692 | C75: مخالفة على احمد مطهر225 + 113 | L75: =225+113 -> 338 | M75: =(K75-L75+M74) -> -2548 | O75: 0 | P75: 0 | Q75: =O75-P75+Q74 -> -5000
A76: 65 | B76: 45692 | C76: مخالفة على احمد مطهر 113 | L76: 113 | M76: =(K76-L76+M75) -> -2661 | O76: 0 | P76: 0 | Q76: =O76-P76+Q75 -> -5000
A77: 66 | B77: 45717 | C77: سداد مخالفات على احمد مطهر 789 | L77: =113+113+113+225+225 -> 789 | M77: =(K77-L77+M76) -> -3450 | O77: 0 | P77: 0 | Q77: =O77-P77+Q76 -> -5000
A78: 67 | B78: 45739 | C78: سداد مخالفات على احمد مطهر 339 | L78: 339 | M78: =(K78-L78+M77) -> -3789 | O78: 0 | P78: 0 | Q78: =O78-P78+Q77 -> -5000
A79: 68 | B79: 45743 | C79: سداد مخالفات على احمد مطهر 188 | L79: 188 | M79: =(K79-L79+M78) -> -3977 | O79: 0 | P79: 0 | Q79: =O79-P79+Q78 -> -5000
A80: 69 | C80: حمل امريكانا شهر 1 | K80: 2400 | M80: =(K80-L80+M79) -> -1577 | O80: 0 | P80: 0 | Q80: =O80-P80+Q79 -> -5000
A81: 70 | B81: 45766 | C81: سداد مخالفات على احمد مطهر | L81: 113 | M81: =(K81-L81+M80) -> -1690 | O81: 0 | P81: 0 | Q81: =O81-P81+Q80 -> -5000
A82: 71 | B82: 45785 | C82: سداد مخالفات على اقامته | L82: 413 | M82: =(K82-L82+M81) -> -2103 | O82: 0 | P82: 0 | Q82: =O82-P82+Q81 -> -5000
A83: 72 | B83: 45785 | C83: سداد مخالفات على احمد مطهر | L83: 113 | M83: =(K83-L83+M82) -> -2216 | O83: 0 | P83: 0 | Q83: =O83-P83+Q82 -> -5000
A84: 73 | B84: 45795 | C84: تحويل من معدات المعتزه | K84: 3500 | M84: =(K84-L84+M83) -> 1284 | O84: 0 | P84: 0 | Q84: =O84-P84+Q83 -> -5000
A85: 74 | B85: 45796 | C85: خ و عودة 6 شهور + تفويض دولي | L85: =1100+550 -> 1650 | M85: =(K85-L85+M84) -> -366 | O85: 0 | P85: 0 | Q85: =O85-P85+Q84 -> -5000
A86: 75 | B86: 45796 | C86: سداد مخالفه على اقامته | L86: 113 | M86: =(K86-L86+M85) -> -479 | O86: 0 | P86: 0 | Q86: =O86-P86+Q85 -> -5000
A87: 76 | B87: 45897 | C87: تجديد بطاقة سائق | L87: 150 | M87: =(K87-L87+M86) -> -629 | O87: 0 | P87: 0 | Q87: =O87-P87+Q86 -> -5000
A88: 77 | M88: =(K88-L88+M87) -> -629 | O88: 0 | P88: 0 | Q88: =O88-P88+Q87 -> -5000
A89: 78 | M89: =(K89-L89+M88) -> -629 | O89: 0 | P89: 0 | Q89: =O89-P89+Q88 -> -5000
A90: 79 | M90: =(K90-L90+M89) -> -629 | O90: 0 | P90: 0 | Q90: =O90-P90+Q89 -> -5000
A91: 80 | M91: =(K91-L91+M90) -> -629 | O91: 0 | P91: 0 | Q91: =O91-P91+Q90 -> -5000
A92: 81 | M92: =(K92-L92+M91) -> -629 | O92: 0 | P92: 0 | Q92: =O92-P92+Q91 -> -5000
A93: 82 | M93: =(K93-L93+M92) -> -629 | O93: 0 | P93: 0 | Q93: =O93-P93+Q92 -> -5000
A94: 83 | M94: =(K94-L94+M93) -> -629 | O94: 0 | P94: 0 | Q94: =O94-P94+Q93 -> -5000
A95: 84 | M95: =(K95-L95+M94) -> -629 | O95: 0 | P95: 0 | Q95: =O95-P95+Q94 -> -5000
A96: 85 | M96: =(K96-L96+M95) -> -629 | O96: 0 | P96: 0 | Q96: =O96-P96+Q95 -> -5000
A97: 86 | M97: =(K97-L97+M96) -> -629 | O97: 0 | P97: 0 | Q97: =O97-P97+Q96 -> -5000
A98: 87 | M98: =(K98-L98+M97) -> -629 | O98: 0 | P98: 0 | Q98: =O98-P98+Q97 -> -5000
A99: 88 | M99: =(K99-L99+M98) -> -629 | O99: 0 | P99: 0 | Q99: =O99-P99+Q98 -> -5000
... A108: 97 | M108: =(K108-L108+M107) -> -629 | O108: 0 | P108: 0 | Q108: =O108-P108+Q107 -> -5000

Sheet 6
A2: الاسم | B2: أسامة الأشقر | D2: الجوال | E2: 0550125057 | G2: طبيعة العمل | H2: سائق شاحنة له | J2: ملاحظات | K2: على الكفاله / لديه شاحنة على اسطول الخليج
A4: الاقامه | B4: 2270223429 | D4: بداية | E4: 45057 | G4: من طرف | H4: محمد اطرش
A6: السيارة | D6: شهريا | E6: 700 | G6: مسدد الى تاريخ | H6: 45110
A8: كشف السائقين | K8: =SUM(K12:K110) -> 61185 | L8: =SUM(L12:L110) -> 58285 | M8: =K8-L8 -> 2900 | O8: =SUM(O12:O110) -> 12300 | P8: =SUM(P12:P110) -> 27800 | Q8: =O8-P8 -> -15500
K10: خدمات عامة | O10: مستحقات
A11: م | B11: التاريخ | C11: البيان | K11: دائن | L11: مدين | M11: الرصيد | O11: دائن | P11: مدين | Q11: الرصيد
A12: 1 | C12: طباعه استمارة مع مستخدم فعلي | K12: 0 | L12: 200 | M12: =K12-L12 -> -200 | O12: 0 | P12: 0 | Q12: =O12-P12 -> 0
A13: 2 | C13: طباعة إقامة | K13: 200 | L13: 200 | M13: =K13-L13+M12 -> -200 | O13: 0 | P13: 0 | Q13: =O13-P13+Q12 -> 0
A14: 3 | C14: خروج و عودة من الجوازات | K14: 300 | L14: 300 | M14: =K14-L14+M13 -> -200 | O14: 0 | P14: 0 | Q14: =O14-P14+Q13 -> 0
A15: 4 | C15: كارت عمل 3 شهور | K15: 0 | L15: 2425 | M15: =K15-L15+M14 -> -2625 | O15: 0 | P15: 0 | Q15: =O15-P15+Q14 -> 0 | Z15: الصافي | AA15: =AA16-AB16 -> 82150
A16: 5 | C16: تامين طبي | K16: 0 | L16: 1700 | M16: =K16-L16+M15 -> -4325 | O16: 0 | P16: 0 | Q16: =O16-P16+Q15 -> 0 | Z16: الإجمالي | AA16: =SUM(AA18:AA31) -> 153850 | AB16: =SUM(AB18:AB31) -> 71700
A17: 6 | C17: رسوم جوازات 3 شهور | K17: 0 | L17: 163 | M17: =K17-L17+M16 -> -4488 | O17: 0 | P17: 0 | Q17: =O17-P17+Q16 -> 0 | X17: م | Y17: الدفع | Z17: البيان | AA17: له | AB17: عليه
A18: 7 | B18: 44739 | C18: رسوم خروج وعودة متعدده 4 شهور + اتعاب المكتب + نقل معلومات | K18: 0 | L18: =200+250+500 -> 950 | M18: =K18-L18+M17 -> -5438 | O18: 0 | P18: 0 | Q18: =O18-P18+Q17 -> 0 | X18: 1 | Y18: مدفوع من ابوحذيفة | Z18: بيع البراد | AA18: 45000 | AB18: 0
A19: 8 | B19: 44739 | C19: دفعة من مديونية سابقة | K19: 5460 | L19: 0 | M19: =K19-L19+M18 -> 22 | O19: 0 | P19: 0 | Q19: =O19-P19+Q18 -> 0 | X19: 2 | Z19: بيع الراس | AA19: 55000 | AB19: 0
A20: 9 | B20: 44742 | C20: قيمة استيكر معلومات ترخيص | K20: 0 | L20: 60 | M20: =K20-L20+M19 -> -38 | O20: 0 | P20: 0 | Q20: =O20-P20+Q19 -> 0 | X20: 3 | Z20: كاش لابوبيان | AA20: 25000 | AB20: 0
A21: 10 | C21: رسوم 8 اشهر من 01 / 07 / 1443 الى 01 / 03 / 1444 | K21: 0 | L21: -38 | M21: =K21-L21+M20 -> 0 | O21: 0 | P21: =700*8 -> 5600 | Q21: =O21-P21+Q20 -> -5600 | X21: 4 | Y21: مصروف من أبو حذيفة | Z21: مبلغ مسلم الى أبو حسن | AA21: 0 | AB21: 20000
A22: 11 | C22: تجديد 6 اشهر ( كارت عمل 4850 + جوازات 325 ) | K22: =4850+325 -> 5175 | L22: 5175 | M22: =K22-L22+M21 -> 0 | O22: 0 | P22: 0 | Q22: =O22-P22+Q21 -> -5600 | X22: 5 | Z22: تجديد أقامه | AA22: 0 | AB22: =9700+1650 -> 11350
A23: 12 | B23: 44850 | C23: سداد مخالفه وقوف / تم السداد في 16 / 10 | K23: 100 | L23: 100 | M23: =K23-L23+M22 -> 0 | O23: 0 | P23: 0 | Q23: =O23-P23+Q22 -> -5600 | X23: 6 | Z23: خ و عودة | AA23: 0 | AB23: 200
A24: 13 | B24: 44850 | C24: سداد تمديد خ و عودة شهر / تم السداد في 16 / 10 | K24: 200 | L24: 200 | M24: =K24-L24+M23 -> 0 | O24: 0 | P24: 0 | Q24: =O24-P24+Q23 -> -5600 | X24: 7 | Z24: تحويل الى الأردن | AA24: 0 | AB24: 5000
A25: 14 | B25: 44850 | C25: خروج وعودة متعدد 4 شهور من الجوازات | K25: 700 | L25: 700 | M25: =K25-L25+M24 -> 0 | O25: 0 | P25: 0 | Q25: =O25-P25+Q24 -> -5600 | X25: 8 | Z25: تجديد بطاقة سائق | AA25: 0 | AB25: 150
A26: 15 | B26: 44850 | C26: دفعه من رسوم 8 اشهر من 01 / 07 / 1443 الى 01 / 03 / 1444 | K26: 0 | L26: 0 | M26: =K26-L26+M25 -> 0 | O26: 2500 | P26: 0 | Q26: =O26-P26+Q25 -> -3100 | X26: 9 | Z26: ايجار السكن فالحله | AA26: 0 | AB26: 6000 | AD26: 125
A27: 16 | B27: 44850 | C27: كارت تشغيل | K27: 150 | L27: 150 | M27: =K27-L27+M26 -> 0 | O27: 0 | P27: 0 | Q27: =O27-P27+Q26 -> -3100 | X27: 10 | Z27: كاش وقت السفر لسوريا | AA27: 0 | AB27: 10000 | AD27: 30
A28: 17 | C28: تحويل قيمة تجديد استمارة سير / | K28: 1200 | L28: 0 | M28: =K28-L28+M27 -> 1200 | O28: 0 | P28: 0 | Q28: =O28-P28+Q27 -> -3100 | X28: 11 | Z28: تفعيل الزياره العائلية | AA28: 0 | AB28: 6500
A29: 18 | C29: استرجاع رسوم باقي التجديد | K29: 500 | L29: 0 | M29: =K29-L29+M28 -> 1700 | O29: 0 | P29: 0 | Q29: =O29-P29+Q28 -> -3100 | X29: 12 | Z29: زيارة مهذب | AA29: 0 | AB29: 1500
A30: 19 | B30: 44851 | C30: تجديد رخصة سير | K30: 0 | L30: 1500 | M30: =K30-L30+M29 -> 200 | O30: 0 | P30: 0 | Q30: =O30-P30+Q29 -> -3100 | X30: 13 | Z30: تحويلات لسوريا ولبنان | AA30: 0 | AB30: =5000+2000+2000+2000 -> 11000
A31: 20 | B31: 44861 | C31: تقرير مقيم | K31: 0 | L31: 50 | M31: =K31-L31+M30 -> 150 | O31: 0 | P31: 0 | Q31: =O31-P31+Q30 -> -3100 | X31: 14 | Y31: تصفية الراس | Z31: الراس الخضراء ( قيمة 188 - بيع 230 - ربح 42 ) ( خصم قيمة كفرين ويستليك على أبو حذيفة ) ( خصم كفاله 29 شهر * 350 = 10150 | AA31: =42000-3000-10150 -> 28850 | AB31: 0
A32: 21 | B32: 44879 | C32: تأشيرة زياره | K32: 0 | L32: 200 | M32: =K32-L32+M31 -> -50 | O32: 0 | P32: 0 | Q32: =O32-P32+Q31 -> -3100 | X32: 15
A33: 22 | B33: 44880 | C33: قيمة ايجار حمل بحرين بوليصة 6415 تم خصمها عليه بالكامل | K33: 50 | L33: 0 | M33: =K33-L33+M32 -> 0 | O33: 3650 | P33: 0 | Q33: =O33-P33+Q32 -> 550 | X33: 16
A34: 23 | B34: 44880 | C34: اصدار بطاقه سائق | K34: 0 | L34: 150 | M34: =K34-L34+M33 -> -150 | O34: 0 | P34: 0 | Q34: =O34-P34+Q33 -> 550 | X34: 17
A35: 24 | B35: 44880 | C35: تحويل على 110 لاقفال الحساب الى تاريخه | K35: 150 | L35: 0 | M35: =K35-L35+M34 -> 0 | O35: 150 | P35: 0 | Q35: =O35-P35+Q34 -> 700 | X35: 18
A36: 26 | B36: 44927 | C36: رسوم 6 اشهر من 01 / 03 / 1444 الى 01 / 09 / 1444 | K36: 0 | L36: 0 | M36: =K36-L36+M35 -> 0 | O36: 0 | P36: =700*6 -> 4200 | Q36: =O36-P36+Q35 -> -3500 | X36: 19
A37: 27 | B37: 44957 | C37: دفعه من مديونيه خدمات | K37: 800 | L37: 0 | M37: =K37-L37+M36 -> 800 | O37: 0 | P37: 0 | Q37: =O37-P37+Q36 -> -3500 | X37: 20
A38: 28 | B38: 44957 | C38: سداد رسوم خ وعودة شهرين | K38: 0 | L38: 200 | M38: =K38-L38+M37 -> 600 | O38: 0 | P38: 0 | Q38: =O38-P38+Q37 -> -3500 | X38: 21
A39: 29 | B39: 44987 | C39: دفعه من مديونية مستحقات 5 شهور الى 1 / 9 / 1444 | K39: 0 | L39: 0 | M39: =K39-L39+M38 -> 600 | O39: 3500 | P39: 0 | Q39: =O39-P39+Q38 -> 0 | X39: 22
A40: 30 | B40: 45080 | C40: رسوم 12 شهر من 1 / 09 / 1444 الى 1 / 09 / 1445 | K40: 0 | L40: 0 | M40: =K40-L40+M39 -> 600 | O40: 0 | P40: =700*12 -> 8400 | Q40: =O40-P40+Q39 -> -8400
A41: 31 | C41: كاش 1900 + تحويل 600 خدمات الى مستحقات الى 15 / 12 / 1444 | K41: 0 | L41: 0 | M41: 0 | O41: =1900+600 -> 2500 | P41: 0 | Q41: =O41-P41+Q40 -> -5900
A42: 32 | B42: 45294 | C42: تغيير منهة | K42: 1200 | L42: 1200 | M42: =K42-L42+M41 -> 0 | O42: 0 | P42: 0 | Q42: =O42-P42+Q41 -> -5900
A43: 33 | B43: 45689 | C43: رسوم 12 شهر من 1 / 09 / 1445 الى 1 / 09 / 1446 | K43: 0 | L43: 0 | M43: =K43-L43+M42 -> 0 | O43: 0 | P43: =12*400 -> 4800 | Q43: =O43-P43+Q42 -> -10700
A44: 34 | B44: 45809 | C44: رسوم 12 شهر من 1 / 09 / 1446 الى 1 / 09 / 1447 | K44: 0 | L44: 0 | M44: =K44-L44+M43 -> 0 | O44: 0 | P44: =12*400 -> 4800 | Q44: =O44-P44+Q43 -> -15500
A45: 35 | B45: 45809 | C45: مبلغ مسلم الى أبو حسن | K45: 0 | L45: 20000 | M45: =K45-L45+M44 -> -20000 | O45: 0 | P45: 0 | Q45: =O45-P45+Q44 -> -15500
A46: 36 | B46: 45809 | C46: تجديد أقامه | K46: 0 | L46: =9700+1650 -> 11350 | M46: =K46-L46+M45 -> -31350 | O46: 0 | P46: 0 | Q46: =O46-P46+Q45 -> -15500
A47: 37 | B47: 45809 | C47: خ و عودة | K47: 0 | L47: 200 | M47: =K47-L47+M46 -> -31550 | O47: 0 | P47: 0 | Q47: =O47-P47+Q46 -> -15500
A48: 38 | B48: 45827 | C48: تحويل الى الأردن | K48: 0 | L48: 5000 | M48: =K48-L48+M47 -> -36550 | O48: 0 | P48: 0 | Q48: =O48-P48+Q47 -> -15500
A49: 39 | B49: 45888 | C49: تجديد بطاقة سائق | K49: 0 | L49: 150 | M49: =K49-L49+M48 -> -36700 | O49: 0 | P49: 0 | Q49: =O49-P49+Q48 -> -15500
A50: 40 | C50: ايجار السكن فالحله | K50: 0 | L50: 6000 | M50: =K50-L50+M49 -> -42700 | O50: 0 | P50: 0 | Q50: =O50-P50+Q49 -> -15500
A51: 41 | C51: بيع البراد | K51: 45000 | L51: 0 | M51: =K51-L51+M50 -> 2300 | O51: 0 | P51: 0 | Q51: =O51-P51+Q50 -> -15500
A52: 42 | K52: 0 | L52: 0 | M52: =K52-L52+M51 -> 2300 | O52: 0 | P52: 0 | Q52: =O52-P52+Q51 -> -15500
A53: 43 | K53: 0 | L53: 0 | M53: =K53-L53+M52 -> 2300 | O53: 0 | P53: 0 | Q53: =O53-P53+Q52 -> -15500
A54: 44 | K54: 0 | L54: 0 | M54: =K54-L54+M53 -> 2300 | O54: 0 | P54: 0 | Q54: =O54-P54+Q53 -> -15500
A55: 45 | K55: 0 | L55: 0 | M55: =K55-L55+M54 -> 2300 | O55: 0 | P55: 0 | Q55: =O55-P55+Q54 -> -15500
A56: 46 | K56: 0 | L56: 0 | M56: =K56-L56+M55 -> 2300 | O56: 0 | P56: 0 | Q56: =O56-P56+Q55 -> -15500
A57: 47 | K57: 0 | L57: 0 | M57: =K57-L57+M56 -> 2300 | O57: 0 | P57: 0 | Q57: =O57-P57+Q56 -> -15500
A58: 48 | K58: 0 | L58: 0 | M58: =K58-L58+M57 -> 2300 | O58: 0 | P58: 0 | Q58: =O58-P58+Q57 -> -15500
A59: 49 | K59: 0 | L59: 0 | M59: =K59-L59+M58 -> 2300 | O59: 0 | P59: 0 | Q59: =O59-P59+Q58 -> -15500
A60: 50 | K60: 0 | L60: 0 | M60: =K60-L60+M59 -> 2300 | O60: 0 | P60: 0 | Q60: =O60-P60+Q59 -> -15500
A61: 51 | K61: 0 | L61: 0 | M61: =K61-L61+M60 -> 2300 | O61: 0 | P61: 0 | Q61: =O61-P61+Q60 -> -15500
A62: 52 | K62: 0 | L62: 0 | M62: =K62-L62+M61 -> 2300 | O62: 0 | P62: 0 | Q62: =O62-P62+Q61 -> -15500
A63: 53 | K63: 0 | L63: 0 | M63: =K63-L63+M62 -> 2300 | O63: 0 | P63: 0 | Q63: =O63-P63+Q62 -> -15500
... A110: 100 | K110: 0 | L110: 0 | M110: =K110-L110+M109 -> 2300 | O110: 0 | P110: 0 | Q110: =O110-P110+Q109 -> -15500

Sheet 7
A2: الاسم | B2: عبدالرزاق أحمد | D2: الجوال | E2: 0531842166 | G2: طبيعة العمل | H2: سائق شاحنة له | J2: ملاحظات | K2: على الكفاله / لديه شاحنة على اسطول الخليج
A4: الاقامه | B4: 2244421182 | D4: بداية | E4: 44740 | G4: من طرف | H4: محمد اطرش
A6: السيارة | B6: 6972 | D6: شهريا | E6: 700 | G6: مسدد الى تاريخ | H6: 45809
A8: كشف السائقين | K8: =SUM(K12:K111) -> 43147 | L8: =SUM(L12:L111) -> 43097 | M8: =K8-L8 -> 50 | O8: =SUM(O12:O111) -> 28900 | P8: =SUM(P12:P111) -> 33600 | Q8: =O8-P8 -> -4700
Y9: =Y11-Z11 -> -12170
K10: خدمات عامة | O10: مستحقات
A11: م | B11: التاريخ | C11: البيان | K11: دائن | L11: مدين | M11: الرصيد | O11: دائن | P11: مدين | Q11: الرصيد | Y11: =SUM(Y13:Y41) -> 62825 | Z11: =SUM(Z13:Z41) -> 74995
A12: 1 | B12: 44562 | C12: دفعة 1 تحت حساب النقل | K12: 7600 | L12: 0 | M12: =K12-L12 -> 7600 | O12: 0 | P12: 0 | Q12: =O12-P12 -> 0 | W12: م | X12: البيان | Y12: له | Z12: عليه
A13: 2 | B13: 44566 | C13: سداد مخالفات | K13: 0 | L13: 1950 | M13: =K13-L13+M12 -> 5650 | O13: 0 | P13: 0 | Q13: =O13-P13+Q12 -> 0 | W13: 1 | X13: كاش دولار الى ابوبيان ( 14000 ) | Y13: =14000*3.75 -> 52500 | Z13: 0
A14: 3 | B14: 44570 | C14: تامين السيارة | K14: 0 | L14: 2400 | M14: =K14-L14+M13 -> 3250 | O14: 0 | P14: 0 | Q14: =O14-P14+Q13 -> 0 | W14: 2 | X14: كاش الى ابوبيان | Y14: 10325 | Z14: 0
A15: 4 | B15: 44570 | C15: رسوم نقل | K15: 0 | L15: 300 | M15: =K15-L15+M14 -> 2950 | O15: 0 | P15: 0 | Q15: =O15-P15+Q14 -> 0 | W15: 3 | X15: مبلغ مسترد كاش الى عبدالرزاق | Y15: 0 | Z15: 10825
A16: 5 | B16: 44570 | C16: مبايعة | K16: 0 | L16: 500 | M16: =K16-L16+M15 -> 2450 | O16: 0 | P16: 0 | Q16: =O16-P16+Q15 -> 0 | W16: 4 | X16: مبلغ مستحق الى وسيم | Y16: 0 | Z16: 64170
A17: 6 | B17: 44570 | C17: بدل فاقد | K17: 0 | L17: 200 | M17: =K17-L17+M16 -> 2250 | O17: 0 | P17: 0 | Q17: =O17-P17+Q16 -> 0
A18: 7 | B18: 44570 | C18: اتعاب معقب | K18: 0 | L18: 300 | M18: =K18-L18+M17 -> 1950 | O18: 0 | P18: 0 | Q18: =O18-P18+Q17 -> 0
A19: 8 | B19: 44570 | C19: كارت ميزان | K19: 0 | L19: 115 | M19: =K19-L19+M18 -> 1835 | O19: 0 | P19: 0 | Q19: =O19-P19+Q18 -> 0
A20: 9 | B20: 44574 | C20: دفعة 2 تحت حساب النقل | K20: 3000 | L20: 0 | M20: =K20-L20+M19 -> 4835 | O20: 0 | P20: 0 | Q20: =O20-P20+Q19 -> 0
A21: 10 | B21: 44585 | C21: سداد رسوم نقل كفالة / العامل مسدد من قبل 600 | K21: 0 | L21: 5400 | M21: =K21-L21+M20 -> -565 | O21: 0 | P21: 0 | Q21: =O21-P21+Q20 -> 0
A22: 11 | B22: 44586 | C22: دفعة 3 تحت حساب النقل | K22: 3700 | L22: 0 | M22: =K22-L22+M21 -> 3135 | O22: 0 | P22: 0 | Q22: =O22-P22+Q21 -> 0
A23: 12 | B23: 44587 | C23: سداد رسوم خروج وعودة متعددة 5 أشهر | K23: 0 | L23: 900 | M23: =K23-L23+M22 -> 2235 | O23: 0 | P23: 0 | Q23: =O23-P23+Q22 -> 0
A24: 13 | B24: 44592 | C24: تحويل الى معقب لعمل تفويض دولي | K24: 0 | L24: 500 | M24: =K24-L24+M23 -> 1735 | O24: 0 | P24: 0 | Q24: =O24-P24+Q23 -> 0
A25: 14 | B25: 44592 | C25: طباعه إقامة | K25: 0 | L25: 100 | M25: =K25-L25+M24 -> 1635 | O25: 0 | P25: 0 | Q25: =O25-P25+Q24 -> 0
A26: 15 | B26: 44666 | C26: كارت عمل | K26: 0 | L26: 9700 | M26: =K26-L26+M25 -> -8065 | O26: 0 | P26: 0 | Q26: =O26-P26+Q25 -> 0
A27: 16 | B27: 44666 | C27: رسوم جوازات | K27: 0 | L27: 650 | M27: =K27-L27+M26 -> -8715 | O27: 0 | P27: 0 | Q27: =O27-P27+Q26 -> 0
A28: 17 | B28: 44666 | C28: خروج وعودة متعدده سنه | K28: 0 | L28: 2300 | M28: =K28-L28+M27 -> -11015 | O28: 0 | P28: 0 | Q28: =O28-P28+Q27 -> 0
... A30: 19 | B30: 44666 | C30: تامين طبي | K30: 0 | L30: 1812 | M30: =K30-L30+M29 -> -1812 | O30: 0 | P30: 0 | Q30: =O30-P30+Q29 -> 0
A31: 20 | B31: 44666 | C31: رسوم مؤسسة 12 شهور من 01 / 07 / 1443 الى 01 / 07 / 1444 | K31: 0 | L31: 0 | M31: =K31-L31+M30 -> -1812 | O31: 0 | P31: =700*12 -> 8400 | Q31: =O31-P31+Q30 -> -8400
A32: 21 | B32: 44745 | C32: تفويض دولي 6 شهور الى تاريخ 3 / 6 / 1444 | K32: 0 | L32: 400 | M32: =K32-L32+M31 -> -2212 | O32: 0 | P32: 0 | Q32: =O32-P32+Q31 -> -8400
A33: 22 | B33: 44745 | C33: سداد غارمة تأخير في المينا | K33: 0 | L33: 400 | M33: =K33-L33+M32 -> -2612 | O33: 0 | P33: 0 | Q33: =O33-P33+Q32 -> -8400
A34: 23 | C34: اصلاح السياره عند أنور | K34: 0 | L34: 200 | M34: =K34-L34+M33 -> -2812 | O34: 0 | P34: 0 | Q34: =O34-P34+Q33 -> -8400
A35: 24 | B35: 44854 | C35: سداد رسوم تجديد رخصة سير | K35: 0 | L35: 900 | M35: =K35-L35+M34 -> -3712 | O35: 0 | P35: 0 | Q35: =O35-P35+Q34 -> -8400
A36: 25 | B36: 44854 | C36: دفعه 5000 من مديونيه خدمات ومستحقات الى 1 / 9 / 1443 | K36: 3700 | L36: 0 | M36: =K36-L36+M35 -> -12 | O36: 1300 | P36: 0 | Q36: =O36-P36+Q35 -> -7100
A37: 26 | B37: 44902 | C37: اصدار كارت سائق | K37: 0 | L37: 150 | M37: =K37-L37+M36 -> -162 | O37: 0 | P37: 0 | Q37: =O37-P37+Q36 -> -7100
A38: 27 | B38: 44920 | C38: تجديد كارت التشغيل | K38: 0 | L38: 150 | M38: =K38-L38+M37 -> -312 | O38: 0 | P38: 0 | Q38: =O38-P38+Q37 -> -7100
A39: 28 | B39: 44920 | C39: سداد مخالفات على اقامته | K39: 0 | L39: 750 | M39: =K39-L39+M38 -> -1062 | O39: 0 | P39: 0 | Q39: =O39-P39+Q38 -> -7100
A40: 29 | C40: دفعه من المستحقات والخدمات مسلمه كاش الى محمد سلامه بجدة | K40: 1050 | L40: 0 | M40: =K40-L40+M39 -> -12 | O40: =5450-1050 -> 4400 | P40: 0 | Q40: =O40-P40+Q39 -> -2700
A41: 30 | B41: 44926 | C41: دفعه من مستحقات سداد الى 1 / 7 / 1444 | K41: 0 | L41: 0 | M41: =K41-L41+M40 -> -12 | O41: 2700 | P41: 0 | Q41: =O41-P41+Q40 -> 0
A42: 31 | C42: تامين سياره | K42: =1360+400+800 -> 2560 | L42: 2550 | M42: =K42-L42+M41 -> -2 | O42: 0 | P42: 0 | Q42: =O42-P42+Q41 -> 0
A43: 32 | B43: 44931 | C43: جهاز تتبع | K43: 0 | L43: 1150 | M43: =K43-L43+M42 -> -1152 | O43: 0 | P43: 0 | Q43: =O43-P43+Q42 -> 0
A44: 33 | B44: 44957 | C44: مبلغ مسترد من السعودة لتتبع المركبات | K44: 352 | L44: 0 | M44: =K44-L44+M43 -> -800 | O44: 0 | P44: 0 | Q44: =O44-P44+Q43 -> 0
A45: 34 | B45: 44958 | C45: مستحقات 12 شهر من 01 / 07 / 1444 الى 01 / 07 / 1445 | K45: 0 | L45: 0 | M45: =K45-L45+M44 -> -800 | O45: 0 | P45: =700*12 -> 8400 | Q45: =O45-P45+Q44 -> -8400
A46: 35 | B46: 45159 | C46: دفعه من مستحقات سداد الى 01 / 01 / 1445 | K46: 0 | L46: 0 | M46: =K46-L46+M45 -> -800 | O46: =700*6 -> 4200 | P46: 0 | Q46: =O46-P46+Q45 -> -4200
A47: 36 | B47: 45159 | C47: مديونية جهاز التتبع | K47: 800 | L47: 0 | M47: =K47-L47+M46 -> 0 | O47: 0 | P47: 0 | Q47: =O47-P47+Q46 -> -4200
A48: 37 | C48: مخالفه سرعه | K48: 0 | L48: 300 | M48: =K48-L48+M47 -> -300 | O48: 0 | P48: 0 | Q48: =O48-P48+Q47 -> -4200
A49: 38 | C49: كارت سائق + تصديق زيارة | K49: 0 | L49: 200 | M49: =K49-L49+M48 -> -500 | O49: 0 | P49: 0 | Q49: =O49-P49+Q48 -> -4200
A50: 39 | C50: مبلغ كاش الى ابوبيان + سداد مستحقات الى 1 / 4 / 1445 | K50: 500 | L50: 0 | M50: =K50-L50+M49 -> 0 | O50: 2000 | P50: 0 | Q50: =O50-P50+Q49 -> -2200
A51: 40 | B51: 45354 | C51: مستحقات 12 شهر من 01 / 07 / 1445 الى 01 / 07 / 1446 | K51: 0 | L51: 0 | M51: =K51-L51+M50 -> 0 | O51: 0 | P51: =700*12 -> 8400 | Q51: =O51-P51+Q50 -> -10600
A52: 41 | B52: 45375 | C52: ايجار حمل جدة دبي - مستحقات الى 1 / 07 / 1445 + سداد مخالفات على اقامته 950 | K52: =3400-2100 -> 1300 | L52: 950 | M52: =K52-L52+M51 -> 350 | O52: 2100 | P52: 0 | Q52: =O52-P52+Q51 -> -8500
A53: 42 | B53: 45607 | C53: خصم حمل امريكانا 7450 - مستحقات الى 1 / 10 / 1445 | K53: 0 | L53: 0 | M53: =K53-L53+M52 -> 350 | O53: 2400 | P53: 0 | Q53: =O53-P53+Q52 -> -6100
A54: 43 | B54: 45607 | C54: باقي من تجديد الاقامه والتامين | K54: -350 | L54: 620 | M54: =K54-L54+M53 -> -620 | O54: 0 | P54: 0 | Q54: =O54-P54+Q53 -> -6100
A55: 44 | C55: تمديد خ و عودة 3 مرات | K55: 0 | L55: 3000 | M55: =K55-L55+M54 -> -3620 | O55: 0 | P55: 0 | Q55: =O55-P55+Q54 -> -6100
A56: 45 | B56: 45792 | C56: مستحقات 12 شهر من 01 / 07 / 1446 الى 01 / 07 / 1447 | K56: 0 | L56: 0 | M56: =K56-L56+M55 -> -3620 | O56: 0 | P56: 8400 | Q56: =O56-P56+Q55 -> -14500
A57: 46 | B57: 45823 | C57: تصيفة حساب مع ابوبيان ( على ابوبيان 10800+2000 في سوريا ) اجمالى 12800 / خصم مستحقات 14 شهر الى 1 / 12 / 1446 مبلغ 9800 + معاملات خدمات 3000 ( متبقي مراجعه مبلغ يخص وسيم ) | K57: 3000 | L57: 0 | M57: =K57-L57+M56 -> -620 | O57: 9800 | P57: 0 | Q57: =O57-P57+Q56 -> -4700
A58: 47 | B58: 45835 | C58: تحويل على 306 | K58: 620 | L58: 0 | M58: =K58-L58+M57 -> 0 | O58: 0 | P58: 0 | Q58: =O58-P58+Q57 -> -4700
A59: 48 | B59: 45913 | C59: كاش الى أبوبيان تحت حساب تجديد 3 شهور + تمديد العودة | K59: 4300 | L59: 0 | M59: =K59-L59+M58 -> 4300 | O59: 0 | P59: 0 | Q59: =O59-P59+Q58 -> -4700
A60: 49 | B60: 45915 | C60: سداد مخالفات | K60: 0 | L60: 750 | M60: =K60-L60+M59 -> 3550 | O60: 0 | P60: 0 | Q60: =O60-P60+Q59 -> -4700
A61: 50 | B61: 45915 | C61: سداد كارت عمل + جوازات | K61: 0 | L61: 2700 | M61: =K61-L61+M60 -> 850 | O61: 0 | P61: 0 | Q61: =O61-P61+Q60 -> -4700
A62: 51 | B62: 45915 | C62: سداد رسوم تمديد العودة | K62: 0 | L62: 800 | M62: =K62-L62+M61 -> 50 | O62: 0 | P62: 0 | Q62: =O62-P62+Q61 -> -4700
A63: 52 | B63: 45915 | C63: اتعاب تعقيب تجديد + تمديد | K63: 0 | L63: 0 | M63: =K63-L63+M62 -> 50 | O63: 0 | P63: 0 | Q63: =O63-P63+Q62 -> -4700
A64: 53 | K64: 0 | L64: 0 | M64: =K64-L64+M63 -> 50 | O64: 0 | P64: 0 | Q64: =O64-P64+Q63 -> -4700
A65: 54 | K65: 0 | L65: 0 | M65: =K65-L65+M64 -> 50 | O65: 0 | P65: 0 | Q65: =O65-P65+Q64 -> -4700
A66: 55 | K66: 0 | L66: 0 | M66: =K66-L66+M65 -> 50 | O66: 0 | P66: 0 | Q66: =O66-P66+Q65 -> -4700
A67: 56 | K67: 0 | L67: 0 | M67: =K67-L67+M66 -> 50 | O67: 0 | P67: 0 | Q67: =O67-P67+Q66 -> -4700
A68: 57 | K68: 0 | L68: 0 | M68: =K68-L68+M67 -> 50 | O68: 0 | P68: 0 | Q68: =O68-P68+Q67 -> -4700
A69: 58 | K69: 0 | L69: 0 | M69: =K69-L69+M68 -> 50 | O69: 0 | P69: 0 | Q69: =O69-P69+Q68 -> -4700
A70: 59 | K70: 0 | L70: 0 | M70: =K70-L70+M69 -> 50 | O70: 0 | P70: 0 | Q70: =O70-P70+Q69 -> -4700
A71: 60 | K71: 0 | L71: 0 | M71: =K71-L71+M70 -> 50 | O71: 0 | P71: 0 | Q71: =O71-P71+Q70 -> -4700
A72: 61 | K72: 0 | L72: 0 | M72: =K72-L72+M71 -> 50 | O72: 0 | P72: 0 | Q72: =O72-P72+Q71 -> -4700
A73: 62 | K73: 0 | L73: 0 | M73: =K73-L73+M72 -> 50 | O73: 0 | P73: 0 | Q73: =O73-P73+Q72 -> -4700
A74: 63 | K74: 0 | L74: 0 | M74: =K74-L74+M73 -> 50 | O74: 0 | P74: 0 | Q74: =O74-P74+Q73 -> -4700
A75: 64 | K75: 0 | L75: 0 | M75: =K75-L75+M74 -> 50 | O75: 0 | P75: 0 | Q75: =O75-P75+Q74 -> -4700
... A111: 100 | K111: 0 | L111: 0 | M111: =K111-L111+M110 -> 50 | O111: 0 | P111: 0 | Q111: =O111-P111+Q110 -> -4700

Sheet 8
A2: الاسم | B2: اديب محمد | D2: الجوال | E2: 0500822670 | G2: طبيعة العمل | H2: سائق شاحنة له | J2: ملاحظات | K2: على الكفاله / لديه شاحنة على اسطول الخليج
A4: الاقامه | B4: 2305927978 | D4: بداية | E4: 44765 | G4: من طرف | H4: محمد اطرش
A6: السيارة | B6: 1527 | D6: شهريا | E6: 700 | G6: مسدد الى تاريخ | H6: 45839
A8: كشف السائقين | K8: =SUM(K12:K110) -> 57553 | L8: =SUM(L12:L110) -> 56296 | M8: =K8-L8 -> 1257 | O8: =SUM(O12:O110) -> 30850 | P8: =SUM(P12:P110) -> 33600 | Q8: =O8-P8 -> -2750 | X8: الباقي على اديب | Z8: =Z10-AA10 -> 0
K10: خدمات عامة | O10: مستحقات | X10: الإجمالي | Z10: =SUM(Z12:Z36) -> 228486 | AA10: =SUM(AA12:AA36) -> 228486
A11: م | B11: التاريخ | C11: البيان | K11: دائن | L11: مدين | M11: الرصيد | O11: دائن | P11: مدين | Q11: الرصيد
A12: 1 | B12: 44562 | C12: دفعة 1 تحت حساب النقل | K12: 6100 | L12: 0 | M12: =K12-L12 -> 6100 | O12: 0 | P12: 0 | Q12: =O12-P12 -> 0 | X12: 1 | Y12: قيمة السياره | Z12: 220000
A13: 2 | B13: 44566 | C13: سداد مخالفات مرور | K13: 0 | L13: 1300 | M13: =K13-L13+M12 -> 4800 | O13: 0 | P13: 0 | Q13: =O13-P13+Q12 -> 0 | X13: 2 | Y13: تامين السياره | Z13: 2450
A14: 3 | B14: 44570 | C14: تامين السيارة | K14: 0 | L14: 2400 | M14: =K14-L14+M13 -> 2400 | O14: 0 | P14: 0 | Q14: =O14-P14+Q13 -> 0 | X14: 3 | Y14: فحص دوري اول مره | Z14: 269
A15: 4 | B15: 44570 | C15: رسوم نقل | K15: 0 | L15: 300 | M15: =K15-L15+M14 -> 2100 | O15: 0 | P15: 0 | Q15: =O15-P15+Q14 -> 0 | X15: 4 | Y15: فحص دوري ثاني مره | Z15: 67
A16: 5 | B16: 44570 | C16: مبايعة | K16: 0 | L16: 500 | M16: =K16-L16+M15 -> 1600 | O16: 0 | P16: 0 | Q16: =O16-P16+Q15 -> 0 | X16: 5 | Y16: صاجات حواجز | Z16: 200
A17: 6 | B17: 44570 | C17: بدل فاقد | K17: 0 | L17: 200 | M17: =K17-L17+M16 -> 1400 | O17: 0 | P17: 0 | Q17: =O17-P17+Q16 -> 0 | X17: 6 | Y17: استيكر فحص | Z17: 150
A18: 7 | B18: 44570 | C18: اتعاب معقب | K18: 0 | L18: 300 | M18: =K18-L18+M17 -> 1100 | O18: 0 | P18: 0 | Q18: =O18-P18+Q17 -> 0 | X18: 7 | Y18: اصدار استماره ولوحات | Z18: 1500
A19: 8 | B19: 44570 | C19: كارت ميزان | K19: 0 | L19: 115 | M19: =K19-L19+M18 -> 985 | O19: 0 | P19: 0 | Q19: =O19-P19+Q18 -> 0 | X19: 8 | Y19: تعقيب | Z19: 300
A20: 9 | B20: 44584 | C20: دفعة 2 تحت حساب النقل | K20: 3800 | L20: 0 | M20: =K20-L20+M19 -> 4785 | O20: 0 | P20: 0 | Q20: =O20-P20+Q19 -> 0 | X20: 9 | Y20: جهاز تتبع | Z20: 1100
A21: 10 | B21: 44585 | C21: سداد رسوم نقل كفالة / العامل مسدد من قبل 400 | K21: 0 | L21: 3600 | M21: =K21-L21+M20 -> 1185 | O21: 0 | P21: 0 | Q21: =O21-P21+Q20 -> 0 | X21: 10 | Y21: تلميع | Z21: 450
A22: 11 | B22: 44587 | C22: سداد رسوم خروج وعودة متعددة 5 أشهر | K22: 0 | L22: 900 | M22: =K22-L22+M21 -> 285 | O22: 0 | P22: 0 | Q22: =O22-P22+Q21 -> 0 | X22: 11 | Y22: باقي حساب حفر الباطن | Z22: 300
A23: 12 | B23: 44592 | C23: تحويل الى معقب لعمل تفويض دولي | K23: 0 | L23: 500 | M23: =K23-L23+M22 -> -215 | O23: 0 | P23: 0 | Q23: =O23-P23+Q22 -> 0 | X23: 12 | Y23: كارت تشغيل | Z23: 200
A24: 13 | B24: 44592 | C24: طباعه إقامة | K24: 0 | L24: 100 | M24: =K24-L24+M23 -> -315 | O24: 0 | P24: 0 | Q24: =O24-P24+Q23 -> 0 | X24: 13 | Y24: تغيير زيت | Z24: 1000
A25: 14 | B25: 44598 | C25: قيمة حادث مروري | K25: 6653 | L25: 0 | M25: =K25-L25+M24 -> 6338 | O25: 0 | P25: 0 | Q25: =O25-P25+Q24 -> 0 | X25: 14 | Z25: 300
A26: 15 | B26: 44648 | C26: تحويل الى حساب محمد الشيخو | K26: 0 | L26: 2000 | M26: =K26-L26+M25 -> 4338 | O26: 0 | P26: 0 | Q26: =O26-P26+Q25 -> 0 | X26: 15 | Y26: جاسم | Z26: 200
A27: 16 | B27: 44666 | C27: خروج وعودة من رصيد على اقامته | K27: 0 | L27: 0 | M27: =K27-L27+M26 -> 4338 | O27: 0 | P27: 0 | Q27: =O27-P27+Q26 -> 0 | X27: 16 | Y27: دفعه 1 من قيمة السياره | AA27: 180000
A28: 17 | B28: 44712 | C28: تحويل قيمة حمل الى اديب / تم اضافته للرسوم | K28: 400 | L28: 0 | M28: =K28-L28+M27 -> 4738 | O28: 1200 | P28: 0 | Q28: =O28-P28+Q27 -> 1200 | X28: 17 | Y28: دفعه 2 من قيمة السياره | AA28: 1700
A29: 18 | B29: 44713 | C29: كاش من اديب / تم اضافته للرسوم | K29: 0 | L29: 0 | M29: =K29-L29+M28 -> 4738 | O29: 1000 | P29: 0 | Q29: =O29-P29+Q28 -> 2200 | X29: 18 | Y29: دفعه 3 من قيمة السياره | AA29: 2690
A30: 19 | B30: 44713 | C30: رسوم مؤسسة 12 شهرمن 01 / 07 / 1443 الى 01 / 07 / 1444 | K30: 0 | L30: 0 | M30: =K30-L30+M29 -> 4738 | O30: 0 | P30: =12*700 -> 8400 | Q30: =O30-P30+Q29 -> -6200 | X30: 19 | Y30: دفعه 4 من قيمة السياره ت 27 / 06 / 2023 | AA30: 10000
A31: 20 | B31: 44717 | C31: كارت عمل 3 شهور | K31: 0 | L31: 2425 | M31: =K31-L31+M30 -> 2313 | O31: 0 | P31: 0 | Q31: =O31-P31+Q30 -> -6200 | X31: 20 | Y31: دفعه 5 من قيمة السياره ت 14 / 01 / 2024 | AA31: 13000
A32: 21 | B32: 44717 | C32: تامين طبي | K32: 0 | L32: 1700 | M32: =K32-L32+M31 -> 613 | O32: 0 | P32: 0 | Q32: =O32-P32+Q31 -> -6200 | X32: 21 | Y32: دفعه 6 من قيمة السياره ت 25 / 03 / 2024 | AA32: 2000
A33: 22 | B33: 44717 | C33: رسوم جوازات 3 شهور | K33: 0 | L33: 163 | M33: =K33-L33+M32 -> 450 | O33: 0 | P33: 0 | Q33: =O33-P33+Q32 -> -6200 | X33: 22 | Y33: دفعه 6 من قيمة السياره مقابله على الطريق مع ابوبيان وعائلته | AA33: 7000
A34: 23 | B34: 44717 | C34: رسوم تاشيره متعدده 3 شهور | K34: 0 | L34: 500 | M34: =K34-L34+M33 -> -50 | O34: 0 | P34: 0 | Q34: =O34-P34+Q33 -> -6200 | X34: 23 | Y34: تحويل على راجحي جاسم 25 / 6 / 2025 | AA34: 2000
A35: 24 | B35: 44758 | C35: تفويض دولي الى 7 / 2 / 1444 | K35: 0 | L35: 100 | M35: =K35-L35+M34 -> -150 | O35: 0 | P35: 0 | Q35: =O35-P35+Q34 -> -6200 | X35: 24 | Y35: كاش لابوبيان عن طريق وسيم 28 / 6 / 2025 | AA35: 10000
A36: 25 | B36: 44763 | C36: شراء مضخة ديزل الى سواق هندي تبعنا | K36: 150 | L36: 0 | M36: =K36-L36+M35 -> 0 | O36: 0 | P36: 0 | Q36: =O36-P36+Q35 -> -6200 | X36: 25 | Y36: خصم من رصيد الخدمات | AA36: 96
A37: 26 | B37: 44763 | C37: دفعه من الحساب - تم اضافتها للرسوم | K37: 0 | L37: 0 | M37: =K37-L37+M36 -> 0 | O37: 2000 | P37: 0 | Q37: =O37-P37+Q36 -> -4200
A38: 28 | B38: 44805 | C38: دفعه من تجديد الاقامه | K38: 10000 | L38: 0 | M38: =K38-L38+M37 -> 10000 | O38: 0 | P38: 0 | Q38: =O38-P38+Q37 -> -4200 | X38: 22 | Y38: جهاز تبريد وسيم | Z38: 22000
A39: 29 | B39: 44805 | C39: كارت عمل 12 شهر | K39: 0 | L39: 9700 | M39: =K39-L39+M38 -> 300 | O39: 0 | P39: 0 | Q39: =O39-P39+Q38 -> -4200 | X39: 23 | Y39: دفعه من جهاز التبريد مسلمه في دبي | AA39: 10000
A40: 30 | B40: 44805 | C40: رسوم جوازات 12 شهور | K40: 0 | L40: 650 | M40: =K40-L40+M39 -> -350 | O40: 0 | P40: 0 | Q40: =O40-P40+Q39 -> -4200
A41: 31 | B41: 44805 | C41: رسوم خروج وعودة 12 شهر | K41: 0 | L41: 2300 | M41: =K41-L41+M40 -> -2650 | O41: 0 | P41: 0 | Q41: =O41-P41+Q40 -> -4200
A42: 32 | B42: 44805 | C42: تفويض دولي 6 شهر | K42: 0 | L42: 0 | M42: =K42-L42+M41 -> -2650 | O42: 0 | P42: 0 | Q42: =O42-P42+Q41 -> -4200
A43: 33 | B43: 44902 | C43: دفعه من مديونية خدمات ومستحقات 01 / 04 / 1444 | K43: 2800 | L43: 0 | M43: =K43-L43+M42 -> 150 | O43: 2200 | P43: 0 | Q43: =O43-P43+Q42 -> -2000
A44: 34 | B44: 44928 | C44: اصدار كارت سائق | K44: 0 | L44: 150 | M44: =K44-L44+M43 -> 0 | O44: 0 | P44: 0 | Q44: =O44-P44+Q43 -> -2000
A45: 35 | B45: 44930 | C45: تجديد كارت ميزان | K45: 0 | L45: 230 | M45: =K45-L45+M44 -> -230 | O45: 0 | P45: 0 | Q45: =O45-P45+Q44 -> -2000
A46: 36 | B46: 44930 | C46: جهاز تتبع | K46: 0 | L46: 1150 | M46: =K46-L46+M45 -> -1380 | O46: 0 | P46: 0 | Q46: =O46-P46+Q45 -> -2000
A47: 37 | B47: 44930 | C47: تحويل الى شركة الأجهزة المتطوره لالغاء الاشتراك القديم | K47: 0 | L47: 67 | M47: =K47-L47+M46 -> -1447 | O47: 0 | P47: 0 | Q47: =O47-P47+Q46 -> -2000
A48: 38 | B48: 44936 | C48: رسوم مؤسسة 12 شهرمن 01 / 07 / 1444 الى 01 / 07 / 1445 | L48: 0 | M48: =K48-L48+M47 -> -1447 | O48: 0 | P48: =12*700 -> 8400 | Q48: =O48-P48+Q47 -> -10400
A49: 39 | B49: 45221 | C49: مخالفة 4142 وقوف 100 | K49: 0 | L49: 100 | M49: =K49-L49+M48 -> -1547 | O49: 0 | P49: 0 | Q49: =O49-P49+Q48 -> -10400
A50: 40 | B50: 45340 | C50: دفعه من مديونية خدمات ومستحقات الى 1 / 9 / 1444 | K50: 1550 | L50: 0 | M50: =K50-L50+M49 -> 3 | O50: 3550 | P50: 0 | Q50: =O50-P50+Q49 -> -6850
A51: 41 | B51: 45341 | C51: رسوم مؤسسة 12 شهرمن 01 / 07 / 1445 الى 01 / 07 / 1446 | K51: 0 | L51: 0 | M51: =K51-L51+M50 -> 3 | O51: 0 | P51: =700*12 -> 8400 | Q51: =O51-P51+Q50 -> -15250
A52: 42 | B52: 45376 | C52: مستحقات الى 1 / 8 / 1445 - مسلم كاش الى ابوبيان | K52: 0 | L52: 0 | M52: =K52-L52+M51 -> 3 | O52: 8000 | P52: 0 | Q52: =O52-P52+Q51 -> -7250
A53: 43 | B53: 45524 | C53: دفه كاش الى ابوبيان ( باقي التقسيم ) | K53: 7000 | L53: 0 | M53: =K53-L53+M52 -> 7003 | O53: 0 | P53: 0 | Q53: =O53-P53+Q52 -> -7250
A54: 44 | B54: 45544 | C54: تحويل على 110 | K54: 2000 | L54: 0 | M54: =K54-L54+M53 -> 9003 | O54: 0 | P54: 0 | Q54: =O54-P54+Q53 -> -7250
A55: 45 | B55: 45546 | C55: تحويل على حساب جاسم الراجحي | K55: 3000 | L55: 0 | M55: =K55-L55+M54 -> 12003 | O55: 0 | P55: 0 | Q55: =O55-P55+Q54 -> -7250
A56: 46 | C56: مصروفات الاقامه 0000 تامين + 7500 كارت عمل + 500 جوازات + 1800 رسوم تمديد + 000 تعقيب | K56: 0 | L56: =7500+500+1800+400+1300 -> 11500 | M56: =K56-L56+M55 -> 503 | O56: 0 | P56: 0 | Q56: =O56-P56+Q55 -> -7250
A57: 47 | C57: بطاقة سائق + بطاقة تشغيل | L57: 300 | M57: =K57-L57+M56 -> 203 | O57: 0 | P57: 0 | Q57: =O57-P57+Q56 -> -7250
A58: 48 | B58: 45758 | C58: مستحقات الى 1 / 5 / 1446 ( كاش 3200 + فاتورة امريكانا 7449 ب 2400 ) | M58: =K58-L58+M57 -> 203 | O58: 5600 | P58: 0 | Q58: =O58-P58+Q57 -> -1650
A59: 49 | B59: 45778 | C59: رسوم مؤسسة 12 شهرمن 01 / 07 / 1446 الى 01 / 07 / 1447 | M59: =K59-L59+M58 -> 203 | O59: 0 | P59: 8400 | Q59: =O59-P59+Q58 -> -10050
A60: 50 | B60: 45788 | C60: دفعه من الاقامه كاش الى ابوبيان عن طريق احمد دقماق | K60: 4500 | M60: =K60-L60+M59 -> 4703 | O60: 0 | P60: 0 | Q60: =O60-P60+Q59 -> -10050
A61: 51 | B61: 45788 | C61: قيمة فاتورة من احمد الضامن 2400 مستحقات الى 1 / 8 / 1446 | M61: =K61-L61+M60 -> 4703 | O61: 2400 | P61: 0 | Q61: =O61-P61+Q60 -> -7650
A62: 52 | B62: 45796 | C62: دفعه من الاقامه تحويل على 306 | K62: 4900 | M62: =K62-L62+M61 -> 9603 | O62: 0 | P62: 0 | Q62: =O62-P62+Q61 -> -7650
A63: 53 | B63: 45800 | C63: تجديد أقامه 12 شهر | K63: 0 | L63: =9700+650 -> 10350 | M63: =K63-L63+M62 -> -747 | O63: 0 | P63: 0 | Q63: =O63-P63+Q62 -> -7650
A64: 54 | B64: 45800 | C64: دفعه من الاقامه تحويل على 306 | K64: 2100 | M64: =K64-L64+M63 -> 1353 | O64: 0 | P64: 0 | Q64: =O64-P64+Q63 -> -7650
A65: 55 | B65: 45833 | C65: تحويل على الراجحي جاسم ( 5000 + 2800 ) منهم 2300 خ و عودة متعدد 11 شهر + 2000 من مديونية الراس + مستحقات الى 01 / 07 / 2025 | K65: 2300 | L65: 2300 | M65: =K65-L65+M64 -> 1353 | O65: =5*700 -> 3500 | P65: 0 | Q65: =O65-P65+Q64 -> -4150
A66: 56 | B66: 45838 | C66: خصم من رصيده لاتمام مديونية الراس | L66: 96 | M66: =K66-L66+M65 -> 1257 | O66: 0 | P66: 0 | Q66: =O66-P66+Q65 -> -4150
A67: 57 | B67: 45912 | C67: كاش الى ابوبيان 300 بطاقة تشغيل وسائق + مستحقات الى 1 / 9 / 2025 | K67: 300 | L67: 300 | M67: =K67-L67+M66 -> 1257 | O67: 1400 | P67: 0 | Q67: =O67-P67+Q66 -> -2750
A68: 58 | M68: =K68-L68+M67 -> 1257 | O68: 0 | P68: 0 | Q68: =O68-P68+Q67 -> -2750
A69: 59 | M69: =K69-L69+M68 -> 1257 | O69: 0 | P69: 0 | Q69: =O69-P69+Q68 -> -2750
A70: 60 | M70: =K70-L70+M69 -> 1257 | O70: 0 | P70: 0 | Q70: =O70-P70+Q69 -> -2750
A71: 61 | M71: =K71-L71+M70 -> 1257 | O71: 0 | P71: 0 | Q71: =O71-P71+Q70 -> -2750
A72: 62 | M72: =K72-L72+M71 -> 1257 | O72: 0 | P72: 0 | Q72: =O72-P72+Q71 -> -2750
A73: 63 | M73: =K73-L73+M72 -> 1257 | O73: 0 | P73: 0 | Q73: =O73-P73+Q72 -> -2750
A74: 64 | M74: =K74-L74+M73 -> 1257 | O74: 0 | P74: 0 | Q74: =O74-P74+Q73 -> -2750
A75: 65 | M75: =K75-L75+M74 -> 1257 | O75: 0 | P75: 0 | Q75: =O75-P75+Q74 -> -2750
A76: 66 | M76: =K76-L76+M75 -> 1257 | O76: 0 | P76: 0 | Q76: =O76-P76+Q75 -> -2750
A77: 67 | M77: =K77-L77+M76 -> 1257 | O77: 0 | P77: 0 | Q77: =O77-P77+Q76 -> -2750
A78: 68 | M78: =K78-L78+M77 -> 1257 | O78: 0 | P78: 0 | Q78: =O78-P78+Q77 -> -2750
A79: 69 | M79: =K79-L79+M78 -> 1257 | O79: 0 | P79: 0 | Q79: =O79-P79+Q78 -> -2750
... A110: 100 | M110: =K110-L110+M109 -> 1257 | O110: 0 | P110: 0 | Q110: =O110-P110+Q109 -> -2750

Sheet 9
A2: الاسم | B2: عصام الريح | D2: الجوال | E2: 0509458267 | G2: طبيعة العمل | H2: يدير عمل شاحنات خاص به | J2: ملاحظات | K2: ليس على الكفاله / لديه سيارتين على اسطول الخليج (5540-3656-9155) / تواصل في 30 / 1 / 2025
A4: الاقامه | B4: 2133835989 | D4: بداية | E4: 44712 | G4: من طرف | H4: ابوبيان
A6: السيارة | B6: 3656 - 4383 | D6: شهريا | E6: 1000 | G6: مسدد الى تاريخ | H6: 44712
A8: كشف السائقين | K8: =SUM(K12:K111) -> 22300 | L8: =SUM(L12:L111) -> 535 | M8: =K8-L8 -> 21765 | O8: =SUM(O12:O111) -> 13100 | P8: =SUM(P12:P111) -> 39000 | Q8: =O8-P8 -> -25900
K10: خدمات عامة | O10: مستحقات
A11: م | B11: التاريخ | C11: البيان | K11: دائن | L11: مدين | M11: الرصيد | O11: دائن | P11: مدين | Q11: الرصيد
A12: 1 | B12: 44571 | C12: مبلغ تحت الحساب | K12: 16700 | L12: 0 | M12: =K12-L12 -> 16700 | O12: 0 | P12: 0 | Q12: =O12-P12 -> 0
A13: 2 | B13: 44571 | C13: تصديق خطاب غرفة تجارية | K13: 0 | L13: 35 | M13: =K13-L13+M12 -> 16665 | O13: 0 | P13: 0 | Q13: =O13-P13+Q12 -> 0
A14: 3 | B14: 44572 | C14: دفعه 2 تحت الحساب | K14: 2100 | L14: 0 | M14: =K14-L14+M13 -> 18765 | O14: 0 | P14: 0 | Q14: =O14-P14+Q13 -> 0
A15: 4 | B15: 44640 | C15: مخالفه تنظيم سير رقم 831 + حزام رقم 1738 | K15: 0 | L15: 300 | M15: =K15-L15+M14 -> 18465 | O15: 0 | P15: 0 | Q15: =O15-P15+Q14 -> 0
A16: 5 | B16: 44641 | C16: معامله السيارات | K16: 0 | L16: 0 | M16: =K16-L16+M15 -> 18465 | O16: 0 | P16: 0 | Q16: =O16-P16+Q15 -> 0
A17: 6 | B17: 44710 | C17: سداد مخالفات شهر مارس | K17: 300 | L17: 0 | M17: =K17-L17+M16 -> 18765 | O17: 0 | P17: 0 | Q17: =O17-P17+Q16 -> 0
A18: 7 | C18: مخالفات وقوف على 3656 + 4383 | K18: 0 | L18: 200 | M18: =K18-L18+M17 -> 18565 | O18: 0 | P18: 0 | Q18: =O18-P18+Q17 -> 0
A19: 8 | B19: 44782 | C19: تحويل قيمة مخالفتين | K19: 200 | L19: 0 | M19: =K19-L19+M18 -> 18765 | O19: 0 | P19: 0 | Q19: =O19-P19+Q18 -> 0
A20: 9 | B20: 44814 | C20: كاش الى ابوبيان تحت الحساب | K20: 3000 | L20: 0 | M20: =K20-L20+M19 -> 21765 | O20: 0 | P20: 0 | Q20: =O20-P20+Q19 -> 0
A21: 10 | C21: تم اقفال الحساب بينه وبين ابوبيان | M21: 0 | O21: 0 | P21: 0 | Q21: =O21-P21+Q20 -> 0
A22: 11 | C22: مستحقات من 6 / 1443 الى 6 / 1444 | M22: =K22-L22+M21 -> 0 | O22: 0 | P22: =500*12 -> 6000 | Q22: =O22-P22+Q21 -> -6000
A23: 12 | C23: مستحقات من 6 / 1444 الى 6 / 1445 | M23: =K23-L23+M22 -> 0 | O23: 0 | P23: =750*12 -> 9000 | Q23: =O23-P23+Q22 -> -15000
A24: 13 | B24: 45190 | C24: دفعه الى ابوبيان مستحقات الى 5 / 1444 | K24: 0 | L24: 0 | M24: =K24-L24+M23 -> 0 | O24: 4000 | P24: 0 | Q24: =O24-P24+Q23 -> -11000
A25: 14 | C25: مستحقات من 6 / 1445 الى 6 / 1446 | M25: =K25-L25+M24 -> 0 | O25: 0 | P25: =1000*12 -> 12000 | Q25: =O25-P25+Q24 -> -23000
A26: 15 | C26: مبلغ كاش الى ابوبيان | M26: =K26-L26+M25 -> 0 | O26: 7000 | P26: 0 | Q26: =O26-P26+Q25 -> -16000
A27: 16 | B27: 45767 | C27: مستحقات 3 سيارات من 6 / 1446 الى 6 / 1447 | M27: =K27-L27+M26 -> 0 | O27: 0 | P27: 12000 | Q27: =O27-P27+Q26 -> -28000
A28: 17 | B28: 45780 | C28: تحويل على 306 | M28: =K28-L28+M27 -> 0 | O28: 2100 | Q28: =O28-P28+Q27 -> -25900
A29: 18 | M29: =K29-L29+M28 -> 0 | Q29: =O29-P29+Q28 -> -25900
A30: 19 | M30: =K30-L30+M29 -> 0 | Q30: =O30-P30+Q29 -> -25900
A31: 20 | M31: =K31-L31+M30 -> 0 | Q31: =O31-P31+Q30 -> -25900
A32: 21 | M32: =K32-L32+M31 -> 0 | Q32: =O32-P32+Q31 -> -25900
A33: 22 | M33: =K33-L33+M32 -> 0 | Q33: =O33-P33+Q32 -> -25900
A34: 23 | M34: =K34-L34+M33 -> 0 | Q34: =O34-P34+Q33 -> -25900
A35: 24 | M35: =K35-L35+M34 -> 0 | Q35: =O35-P35+Q34 -> -25900
A36: 25 | M36: =K36-L36+M35 -> 0 | Q36: =O36-P36+Q35 -> -25900
A37: 26 | M37: =K37-L37+M36 -> 0 | Q37: =O37-P37+Q36 -> -25900
A38: 27 | M38: =K38-L38+M37 -> 0 | Q38: =O38-P38+Q37 -> -25900
A39: 28 | M39: =K39-L39+M38 -> 0 | Q39: =O39-P39+Q38 -> -25900
A40: 29 | M40: =K40-L40+M39 -> 0 | Q40: =O40-P40+Q39 -> -25900
... A111: 100 | M111: =K111-L111+M110 -> 0 | Q111: =O111-P111+Q110 -> -25900

Sheet 10
A2: الاسم | B2: سالم الحميدي | D2: الجوال | E2: 0530232275 | G2: طبيعة العمل | H2: سائق شاحنة له | J2: ملاحظات | K2: ليس على الكفاله / لديه 2 شاحنة على اسطول الخليج
A4: الاقامه | B4: 2244737371 | D4: بداية | E4: 44585 | G4: من طرف | H4: أبو عبدالله السوري
A6: السيارة | B6: 3010 / 8827 | D6: شهريا | E6: 700 | G6: مسدد الى تاريخ | H6: 45778
A8: كشف السائقين | K8: =SUM(K12:K111) -> 6850 | L8: =SUM(L12:L111) -> 6850 | M8: =K8-L8 -> 0 | O8: =SUM(O12:O111) -> 20100 | P8: =SUM(P12:P111) -> 23800 | Q8: =O8-P8 -> -3700
K10: خدمات عامة | O10: مستحقات
A11: م | B11: التاريخ | C11: البيان | K11: دائن | L11: مدين | M11: الرصيد | O11: دائن | P11: مدين | Q11: الرصيد
A12: 1 | B12: 44378 | C12: رسوم سنوية من 01 / 8 / 1443 الى 01 / 08 / 1444 | K12: 0 | L12: 0 | M12: =K12-L12 -> 0 | O12: 0 | P12: =350*12 -> 4200 | Q12: =O12-P12 -> -4200
A13: 2 | B13: 44696 | C13: دفعه من رسوم سنوية من 01 / 8 / 1443 الى 01 / 08 / 1444 | K13: 0 | L13: 0 | M13: =K13-L13+M12 -> 0 | O13: 3000 | P13: 0 | Q13: =O13-P13+Q12 -> -1200
A14: 3 | B14: 44848 | C14: تحويل على 110 قيمة كارت تشغيل + اقفال مستحقات الى 01 / 08 / 1444 | K14: 150 | L14: 150 | M14: =K14-L14+M13 -> 0 | O14: 1200 | P14: 0 | Q14: =O14-P14+Q13 -> 0
A15: 4 | B15: 44951 | C15: رسوم سنوية من 01 / 8 / 1444 الى 01 / 08 / 1445 | K15: 0 | L15: 0 | M15: =K15-L15+M14 -> 0 | O15: 0 | P15: =350*12 -> 4200 | Q15: =O15-P15+Q14 -> -4200
A16: 5 | B16: 44953 | C16: دفعه 6 شهور من مستحقات الى تاريخ 1 / 2 / 1445 | K16: 0 | L16: 0 | M16: =K16-L16+M15 -> 0 | O16: 2100 | P16: 0 | Q16: =O16-P16+Q15 -> -2100
A17: 6 | B17: 45182 | C17: قيمة تجديد كارت تشغيل | K17: 150 | L17: 150 | M17: =K17-L17+M16 -> 0 | O17: 0 | P17: 0 | Q17: =O17-P17+Q16 -> -2100
A18: 7 | B18: 45405 | C18: دفعه 6 شهور من مستحقات الى تاريخ 1 / 08 / 1445 | K18: 0 | L18: 0 | M18: =K18-L18+M17 -> 0 | O18: 2000 | P18: 0 | Q18: =O18-P18+Q17 -> -100
A19: 8 | B19: 45405 | C19: رسوم سنوية من 01 / 8 / 1445 الى 01 / 06 / 1446 | K19: 0 | L19: 0 | M19: =K19-L19+M18 -> 0 | O19: 0 | P19: =350*10 -> 3500 | Q19: =O19-P19+Q18 -> -3600
A20: 9 | B20: 45563 | C20: دفعه 6 شهور من مستحقات الى تاريخ 1 / 02 / 1446 | K20: 0 | L20: 0 | M20: =K20-L20+M19 -> 0 | O20: 2100 | P20: 0 | Q20: =O20-P20+Q19 -> -1500
A21: 10 | B21: 45638 | C21: تم تسجيل راس 8827 تاريخ 1 / 6 / 1446 | M21: =K21-L21+M20 -> 0 | Q21: =O21-P21+Q20 -> -1500
A22: 11 | B22: 45638 | C22: رسوم سنوية من 12 / 2024 الى 11 / 2025 | M22: =K22-L22+M21 -> 0 | P22: =11*700 -> 7700 | Q22: =O22-P22+Q21 -> -9200
A23: 12 | B23: 45641 | C23: مستحقات راس 3010 الى 1 / 6 / 1446 + مستحقات 2 راس الى 5 / 2025 / خصم من مطالبة الراجحي محوله على حساب جدة الراجحي | M23: =K23-L23+M22 -> 0 | O23: 5100 | P23: 0 | Q23: =O23-P23+Q22 -> -4100
A24: 13 | B24: 45735 | C24: مبلغ مطالبه 3400 ( مخالفه وثيقة 3000 + 400 مستحقات ) | K24: 3000 | L24: 3000 | M24: =K24-L24+M23 -> 0 | O24: 400 | Q24: =O24-P24+Q23 -> -3700
A25: 14 | B25: 45968 | C25: تحويل على 306 مستحقات سيارتين الى 1 / 11 / 2025+ تامين 3010 مبلغ 3450 + خطاب تنازل 8827 مبلغ 100 | K25: =3450+100 -> 3550 | L25: =3450+100 -> 3550 | M25: =K25-L25+M24 -> 0 | O25: 4200 | Q25: =O25-P25+Q24 -> 500
A26: 15 | B26: 45968 | C26: مستحقات راس 3010 من 1 / 11 / 2025 الى 1 / 11 / 2026 | M26: =K26-L26+M25 -> 0 | P26: =350*12 -> 4200 | Q26: =O26-P26+Q25 -> -3700
A27: 16 | M27: =K27-L27+M26 -> 0 | Q27: =O27-P27+Q26 -> -3700
A28: 17 | M28: =K28-L28+M27 -> 0 | Q28: =O28-P28+Q27 -> -3700
A29: 18 | M29: =K29-L29+M28 -> 0 | Q29: =O29-P29+Q28 -> -3700
A30: 19 | M30: =K30-L30+M29 -> 0 | Q30: =O30-P30+Q29 -> -3700
A31: 20 | M31: =K31-L31+M30 -> 0 | Q31: =O31-P31+Q30 -> -3700
A32: 21 | M32: =K32-L32+M31 -> 0 | Q32: =O32-P32+Q31 -> -3700
A33: 22 | M33: =K33-L33+M32 -> 0 | Q33: =O33-P33+Q32 -> -3700
A34: 23 | M34: =K34-L34+M33 -> 0 | Q34: =O34-P34+Q33 -> -3700
A35: 24 | M35: =K35-L35+M34 -> 0 | Q35: =O35-P35+Q34 -> -3700
A36: 25 | M36: =K36-L36+M35 -> 0 | Q36: =O36-P36+Q35 -> -3700
A37: 26 | M37: =K37-L37+M36 -> 0 | Q37: =O37-P37+Q36 -> -3700
A38: 27 | M38: =K38-L38+M37 -> 0 | Q38: =O38-P38+Q37 -> -3700
... A111: 100 | M111: =K111-L111+M110 -> 0 | Q111: =O111-P111+Q110 -> -3700

Sheet 11
A3: الاسم | B3: عبده دقماق | D3: الجوال | E3: 0507318797 | G3: طبيعة العمل | H3: سائق شاحنة له | J3: ملاحظات | K3: ليس على الكفاله / لديه شاحنة على اسطول الخليج
A5: الاقامه | B5: 2304733724 | D5: بداية | E5: 44594 | G5: من طرف | H5: محمد اطرش
A7: السيارة | B7: 5019 | D7: شهريا | E7: 400 | G7: مسدد الى تاريخ | H7: 45746
A9: كشف السائقين | K9: =SUM(K13:K112) -> 6500 | L9: =SUM(L13:L112) -> 6500 | M9: =K9-L9 -> 0 | O9: =SUM(O13:O112) -> 15500 | P9: =SUM(P13:P112) -> 15500 | Q9: =O9-P9 -> 0
K11: خدمات عامة | O11: مستحقات
A12: م | B12: التاريخ | C12: البيان | K12: دائن | L12: مدين | M12: الرصيد | O12: دائن | P12: مدين | Q12: الرصيد
A13: 1 | C13: دفعة تحت الحساب | K13: 3300 | L13: 0 | M13: =K13-L13 -> 3300 | O13: 0 | P13: 0 | Q13: =O13-P13 -> 0
A14: 2 | C14: رسوم نقل | K14: 0 | L14: 300 | M14: =K14-L14+M13 -> 3000 | O14: 0 | P14: 0 | Q14: =O14-P14+Q13 -> 0
A15: 3 | C15: مبايعه | K15: 0 | L15: 500 | M15: =K15-L15+M14 -> 2500 | O15: 0 | P15: 0 | Q15: =O15-P15+Q14 -> 0
A16: 4 | C16: اتعاب | K16: 0 | L16: 300 | M16: =K16-L16+M15 -> 2200 | O16: 0 | P16: 0 | Q16: =O16-P16+Q15 -> 0
A17: 5 | C17: تامين | K17: 0 | L17: 2200 | M17: =K17-L17+M16 -> 0 | O17: 0 | P17: 0 | Q17: =O17-P17+Q16 -> 0
A18: 6 | C18: خطاب مصدق | K18: 0 | L18: 100 | M18: =K18-L18+M17 -> -100 | O18: 0 | P18: 0 | Q18: =O18-P18+Q17 -> 0
A19: 7 | C19: استماره بدل فاقد | K19: 0 | L19: 200 | M19: =K19-L19+M18 -> -300 | O19: 0 | P19: 0 | Q19: =O19-P19+Q18 -> 0
A20: 8 | C20: بدل ختم البائع | K20: 0 | L20: 300 | M20: =K20-L20+M19 -> -600 | O20: 0 | P20: 0 | Q20: =O20-P20+Q19 -> 0
A21: 9 | C21: كارت ميزان | K21: 0 | L21: 200 | M21: =K21-L21+M20 -> -800 | O21: 0 | P21: 0 | Q21: =O21-P21+Q20 -> 0
A22: 10 | C22: سداد مديونية | K22: 800 | L22: 0 | M22: =K22-L22+M21 -> 0 | O22: 0 | P22: 0 | Q22: =O22-P22+Q21 -> 0
A23: 11 | C23: رسوم سنوية من 01 / 07 / 1443 الى 01 / 07 / 1444 | K23: 0 | L23: 0 | M23: =K23-L23+M22 -> 0 | O23: 0 | P23: =12*400 -> 4800 | Q23: =O23-P23+Q22 -> -4800
A24: 12 | C24: دفعه كاش قيمة 6 اشهر الى 01 / 01 / 1444 | K24: 0 | L24: 0 | M24: =K24-L24+M23 -> 0 | O24: 2400 | P24: 0 | Q24: =O24-P24+Q23 -> -2400
A25: 13 | B25: 44971 | C25: قيمة تامين و مستحقات الى 1 / 7 / 1444 من النمله على ح 306 اجمالي 4800 | K25: 2400 | L25: 2400 | M25: =K25-L25+M24 -> 0 | O25: 2400 | P25: 0 | Q25: =O25-P25+Q24 -> 0
A26: 14 | B26: 45015 | C26: رسوم سنوية من 01 / 07 / 1444 الى 01 / 07 / 1445 | K26: 0 | L26: 0 | M26: =K26-L26+M25 -> 0 | O26: 0 | P26: =12*400 -> 4800 | Q26: =O26-P26+Q25 -> -4800
A27: 15 | B27: 45240 | C27: دفعه كاش قيمة 3 شهور الى 01 / 10 / 1444 | K27: 0 | L27: 0 | M27: =K27-L27+M26 -> 0 | O27: 1200 | P27: 0 | Q27: =O27-P27+Q26 -> -3600
A28: 16 | B28: 45270 | C28: دفعه كاش قيمة 3 شهور الى 01 / 01 / 1445 | K28: 0 | L28: 0 | M28: =K28-L28+M27 -> 0 | O28: 1200 | P28: 0 | Q28: =O28-P28+Q27 -> -2400
A29: 17 | B29: 45369 | C29: دفعه كاش قيمة شهرين الى 01 / 03 / 1445 | K29: 0 | L29: 0 | M29: =K29-L29+M28 -> 0 | O29: 800 | P29: 0 | Q29: =O29-P29+Q28 -> -1600
A30: 18 | B30: 45369 | C30: رسوم سنوية من 01 / 07 / 1445 الى 01 / 07 / 1446 | K30: 0 | L30: 0 | M30: =K30-L30+M29 -> 0 | O30: 0 | P30: =400*12 -> 4800 | Q30: =O30-P30+Q29 -> -6400
A31: 19 | B31: 45369 | C31: رسوم سنوية من 01 / 07 / 1446 الى 01 / 10 / 1446 | M31: =K31-L31+M30 -> 0 | P31: =400*3 -> 1200 | Q31: =O31-P31+Q30 -> -7600
A32: 20 | B32: 45726 | C32: كاش الى ابوبيان مستحقات الى 1 / 10 / 1446 / تم خصم 100 ريال من ابوبيان | M32: =K32-L32+M31 -> 0 | O32: 7500 | P32: -100 | Q32: =O32-P32+Q31 -> 0
A33: 21 | C33: تم نقل ملكية السياره | M33: =K33-L33+M32 -> 0 | O33: 0 | P33: 0 | Q33: =O33-P33+Q32 -> 0
A34: 22 | M34: =K34-L34+M33 -> 0 | O34: 0 | P34: 0 | Q34: =O34-P34+Q33 -> 0
A35: 23 | M35: =K35-L35+M34 -> 0 | O35: 0 | P35: 0 | Q35: =O35-P35+Q34 -> 0
A36: 24 | M36: =K36-L36+M35 -> 0 | O36: 0 | P36: 0 | Q36: =O36-P36+Q35 -> 0
A37: 25 | M37: =K37-L37+M36 -> 0 | O37: 0 | P37: 0 | Q37: =O37-P37+Q36 -> 0
A38: 26 | M38: =K38-L38+M37 -> 0 | O38: 0 | P38: 0 | Q38: =O38-P38+Q37 -> 0
A39: 27 | M39: =K39-L39+M38 -> 0 | O39: 0 | P39: 0 | Q39: =O39-P39+Q38 -> 0
A40: 28 | M40: =K40-L40+M39 -> 0 | O40: 0 | P40: 0 | Q40: =O40-P40+Q39 -> 0
A41: 29 | M41: =K41-L41+M40 -> 0 | O41: 0 | P41: 0 | Q41: =O41-P41+Q40 -> 0
A42: 30 | M42: =K42-L42+M41 -> 0 | O42: 0 | P42: 0 | Q42: =O42-P42+Q41 -> 0
A43: 31 | M43: =K43-L43+M42 -> 0 | O43: 0 | P43: 0 | Q43: =O43-P43+Q42 -> 0
A44: 32 | M44: =K44-L44+M43 -> 0 | O44: 0 | P44: 0 | Q44: =O44-P44+Q43 -> 0
A45: 33 | M45: =K45-L45+M44 -> 0 | O45: 0 | P45: 0 | Q45: =O45-P45+Q44 -> 0
... A112: 100 | M112: =K112-L112+M111 -> 0 | O112: 0 | P112: 0 | Q112: =O112-P112+Q111 -> 0

Sheet 15
A2: الاسم | B2: محمد مثنى | D2: الجوال | E2: 0556805501 | G2: طبيعة العمل | H2: نقل مؤقت | J2: ملاحظات | K2: على الكفاله / نقل مؤقت لحين الحصول على عمل
A4: الاقامه | B4: 2036474902 | D4: بداية | E4: 45071 | G4: من طرف | H4: فيصل رمضان
A6: السيارة | B6: 0 | D6: شهريا | E6: 500 | G6: مسدد الى تاريخ | H6: 45897
A8: كشف السائقين | K8: =SUM(K12:K111) -> 17200 | L8: =SUM(L12:L111) -> 17200 | M8: =K8-L8 -> 0 | O8: =SUM(O12:O111) -> 37000 | P8: =SUM(P12:P111) -> 44000 | Q8: =O8-P8 -> -7000
K10: خدمات عامة | O10: مستحقات
A11: م | B11: التاريخ | C11: البيان | K11: دائن | L11: مدين | M11: الرصيد | O11: دائن | P11: مدين | Q11: الرصيد
A12: 1 | B12: 44608 | C12: رسوم نقل كفاله | K12: 6000 | L12: 6000 | M12: =K12-L12 -> 0 | O12: 0 | P12: 0 | Q12: =O12-P12 -> 0
A13: 2 | C13: قيمة كارت عمل للتجديد | K13: 10700 | L13: 10700 | M13: =K13-L13+M12 -> 0 | O13: 0 | P13: 0 | Q13: =O13-P13+Q12 -> 0
A14: 3 | C14: طباعه أقامه مع العائلة | K14: 500 | L14: 500 | M14: =K14-L14+M13 -> 0 | O14: 0 | P14: 0 | Q14: =O14-P14+Q13 -> 0
A15: 4 | B15: 44718 | C15: رسوم سنوية من 05 / 07 / 1443 الى 05 / 07 / 1444 | K15: 0 | L15: 0 | M15: =K15-L15+M14 -> 0 | O15: 0 | P15: =12*1000 -> 12000 | Q15: =O15-P15+Q14 -> -12000
A16: 5 | B16: 44725 | C16: دفعه من رسوم سنوية 3 اشهر من 05 / 07 / 1443 الى 05 / 10 / 1443 | K16: 0 | L16: 0 | M16: =K16-L16+M15 -> 0 | O16: 3000 | P16: 0 | Q16: =O16-P16+Q15 -> -9000
A17: 6 | B17: 44779 | C17: دفعه من رسوم سنوية 3 اشهر من 05 / 10 / 1443 الى 05 / 01 / 1444 | K17: 0 | L17: 0 | M17: =K17-L17+M16 -> 0 | O17: 3000 | P17: 0 | Q17: =O17-P17+Q16 -> -6000
A18: 7 | B18: 44879 | C18: دفعه من رسوم سنوية 3 اشهر من 05 / 01 / 1444 الى 05 / 04 / 1444 | K18: 0 | L18: 0 | M18: =K18-L18+M17 -> 0 | O18: 3000 | P18: 0 | Q18: =O18-P18+Q17 -> -3000
A19: 8 | B19: 44938 | C19: دفعه من رسوم سنوية 3 اشهر من 05 / 04 / 1444 الى 05 / 07 / 1444 | K19: 0 | L19: 0 | M19: =K19-L19+M18 -> 0 | O19: 3000 | P19: 0 | Q19: =O19-P19+Q18 -> 0
A20: 9 | B20: 45043 | C20: رسوم سنوية من 05 / 07 / 1444 الى 05 / 07 / 1445 | M20: =K20-L20+M19 -> 0 | O20: 0 | P20: 12000 | Q20: =O20-P20+Q19 -> -12000
A21: 10 | B21: 45043 | C21: دفعه من رسوم سنوية 3 اشهر من 05 / 07 / 1444 الى 05 / 10 / 1444 | M21: =K21-L21+M20 -> 0 | O21: 3000 | P21: 0 | Q21: =O21-P21+Q20 -> -9000
A22: 11 | B22: 45132 | C22: دفعه من رسوم سنوية 3 اشهر من 05 / 10 / 1444 الى 05 / 01 / 1445 | M22: =K22-L22+M21 -> 0 | O22: 3000 | P22: 0 | Q22: =O22-P22+Q21 -> -6000
A23: 12 | B23: 45221 | C23: دفعه من رسوم سنوية 3 اشهر من 05 / 01 / 1445 الى 05 / 04 / 1445 | M23: =K23-L23+M22 -> 0 | O23: 3000 | P23: 0 | Q23: =O23-P23+Q22 -> -3000
A24: 13 | B24: 45308 | C24: دفعه من رسوم سنوية 3 اشهر من 05 / 04 / 1445 الى 05 / 07 / 1445 | M24: =K24-L24+M23 -> 0 | O24: 3000 | P24: 0 | Q24: =O24-P24+Q23 -> 0
A25: 14 | B25: 45308 | C25: رسوم سنوية من 05 / 07 / 1445 الى 05 / 07 / 1446 | M25: =K25-L25+M24 -> 0 | O25: 0 | P25: =12*1000 -> 12000 | Q25: =O25-P25+Q24 -> -12000
A26: 15 | B26: 45420 | C26: دفعه من رسوم سنوية 3 اشهر الى 05 / 10 / 1445 | M26: =K26-L26+M25 -> 0 | O26: 3000 | P26: 0 | Q26: =O26-P26+Q25 -> -9000
A27: 16 | B27: 45499 | C27: دفعه من رسوم سنوية 3 اشهر الى 05 / 01 / 1446 | M27: =K27-L27+M26 -> 0 | O27: 3000 | P27: 0 | Q27: =O27-P27+Q26 -> -6000
A28: 17 | B28: 45734 | C28: رسوم سنوية من 05 / 07 / 1445 الى 05 / 09 / 1446 | M28: =K28-L28+M27 -> 0 | O28: 0 | P28: 2000 | Q28: =O28-P28+Q27+4000 -> -4000
A29: 18 | B29: 45734 | C29: دفعه من رسوم سنوية الى 05 / 09 / 1446 ( تم التخفيض بعلم ابوبيان ) | M29: =K29-L29+M28 -> 0 | O29: 4000 | P29: 0 | Q29: =O29-P29+Q28 -> 0
A30: 19 | B30: 45869 | C30: رسوم سنوية من 05 / 07 / 1446 الى 05 / 09 / 1447 | M30: =K30-L30+M29 -> 0 | O30: 0 | P30: =12*500 -> 6000 | Q30: =O30-P30+Q29 -> -6000
A31: 20 | B31: 45869 | C31: مستحقات الى 5 / 12 / 1446 | M31: =K31-L31+M30 -> 0 | O31: 1500 | P31: 0 | Q31: =O31-P31+Q30 -> -4500
A32: 21 | B32: 45871 | C32: مستحقات الى 5 / 03 / 1447 | M32: =K32-L32+M31 -> 0 | O32: 1500 | P32: 0 | Q32: =O32-P32+Q31 -> -3000
A33: 22 | M33: =K33-L33+M32 -> 0 | O33: 0 | P33: 0 | Q33: =O33-P33+Q32 -> -3000
A34: 23 | M34: =K34-L34+M33 -> 0 | O34: 0 | P34: 0 | Q34: =O34-P34+Q33 -> -3000
A35: 24 | M35: =K35-L35+M34 -> 0 | O35: 0 | P35: 0 | Q35: =O35-P35+Q34 -> -3000
A36: 25 | M36: =K36-L36+M35 -> 0 | O36: 0 | P36: 0 | Q36: =O36-P36+Q35 -> -3000
A37: 26 | M37: =K37-L37+M36 -> 0 | O37: 0 | P37: 0 | Q37: =O37-P37+Q36 -> -3000
A38: 27 | M38: =K38-L38+M37 -> 0 | O38: 0 | P38: 0 | Q38: =O38-P38+Q37 -> -3000
A39: 28 | M39: =K39-L39+M38 -> 0 | O39: 0 | P39: 0 | Q39: =O39-P39+Q38 -> -3000
A40: 29 | M40: =K40-L40+M39 -> 0 | O40: 0 | P40: 0 | Q40: =O40-P40+Q39 -> -3000
A41: 30 | M41: =K41-L41+M40 -> 0 | O41: 0 | P41: 0 | Q41: =O41-P41+Q40 -> -3000
A42: 31 | M42: =K42-L42+M41 -> 0 | O42: 0 | P42: 0 | Q42: =O42-P42+Q41 -> -3000
A43: 32 | M43: =K43-L43+M42 -> 0 | O43: 0 | P43: 0 | Q43: =O43-P43+Q42 -> -3000
A44: 33 | M44: =K44-L44+M43 -> 0 | O44: 0 | P44: 0 | Q44: =O44-P44+Q43 -> -3000
... A111: 100 | M111: =K111-L111+M110 -> 0 | O111: 0 | P111: 0 | Q111: =O111-P111+Q110 -> -3000

Sheet 18
A2: الاسم | B2: مرعي بركات | D2: الجوال | E2: 0530791482 | G2: طبيعة العمل | H2: يعمل براتب 2500 | J2: ملاحظات | K2: على الكفاله / يعمل بالراتب فتره مؤقتة لحين الانتهاء من اصلاح سيارته / لم يتم احتساب كفاله
A4: الاقامه | B4: 2310964073 | D4: بداية | E4: 45067 | G4: من طرف | H4: مهند
A6: السيارة | B6: 3228 | D6: شهريا | E6: 0 | G6: مسدد الى تاريخ | H6: 44624
A8: كشف السائقين | K8: =SUM(K12:K111) -> 69700 | L8: =SUM(L12:L111) -> 69643 | M8: =K8-L8 -> 57 | O8: =SUM(O12:O111) -> 0 | P8: =SUM(P12:P111) -> 33600 | Q8: =O8-P8 -> -33600
K10: خدمات عامة | O10: مستحقات
A11: م | B11: التاريخ | C11: البيان | K11: دائن | L11: مدين | M11: الرصيد | O11: دائن | P11: مدين | Q11: الرصيد
A12: 1 | B12: 44651 | C12: تحويل من مهند الى اهله في سوريا / تاريخ الانضمام 1 / 8 / 1443 | K12: 0 | L12: 2100 | M12: =K12-L12 -> -2100 | O12: 0 | P12: 0 | Q12: =O12-P12 -> 0
A13: 2 | B13: 44651 | C13: راتب شهر مارس 6 أيام | K13: 500 | L13: 0 | M13: =K13-L13+M12 -> -1600 | O13: 0 | P13: 0 | Q13: =O13-P13+Q12 -> 0
A14: 3 | B14: 44685 | C14: راتب شهر ابريل | K14: 2500 | L14: 0 | M14: =K14-L14+M13 -> 900 | O14: 0 | P14: 0 | Q14: =O14-P14+Q13 -> 0
A15: 4 | B15: 44709 | C15: سلفة من الراتب تم تحويلها الى مهند | K15: 0 | L15: 1000 | M15: =K15-L15+M14 -> -100 | Q15: =O15-P15+Q14 -> 0
A16: 5 | B16: 44713 | C16: راتب شهر مايو | K16: 2500 | L16: 0 | M16: =K16-L16+M15 -> 2400 | Q16: =O16-P16+Q15 -> 0
A17: 6 | B17: 44706 | C17: حمل من الرياض الى جدة | K17: 0 | L17: 1500 | M17: =K17-L17+M16 -> 900 | Q17: =O17-P17+Q16 -> 0
A18: 7 | B18: 44718 | C18: حمل من الرياض الى الدمام | K18: 0 | L18: 800 | M18: =K18-L18+M17 -> 100 | Q18: =O18-P18+Q17 -> 0
A19: 8 | C19: مبلغ من ابوبيان | K19: 0 | L19: 1200 | M19: =K19-L19+M18 -> -1100 | Q19: =O19-P19+Q18 -> 0
A20: 9 | B20: 44718 | C20: مخالفة حزام 5782 | K20: 0 | L20: 150 | M20: =K20-L20+M19 -> -1250 | Q20: =O20-P20+Q19 -> 0
A21: 10 | C21: شراء قطع غيار لسياره ابويل6977 وقت التعطل طريق مكه | K21: 320 | L21: 0 | M21: =K21-L21+M20 -> -930 | Q21: =O21-P21+Q20 -> 0
A22: 11 | C22: فحص براد 6316 عند دوغان | K22: 100 | L22: 0 | M22: =K22-L22+M21 -> -830 | Q22: =O22-P22+Q21 -> 0
A23: 12 | C23: جالون زيت ماكينة | K23: 70 | L23: 0 | M23: =K23-L23+M22 -> -760 | Q23: =O23-P23+Q22 -> 0
A24: 13 | C24: استرجاع مبلغ لابوبيان | K24: 760 | L24: 0 | M24: =K24-L24+M23 -> 0 | Q24: =O24-P24+Q23 -> 0
A25: 14 | C25: حمل من تبوك الى الرياض | K25: 0 | L25: 3500 | M25: =K25-L25+M24 -> -3500 | Q25: =O25-P25+Q24 -> 0
A26: 15 | C26: مصروف جده القصيم | K26: 900 | L26: 0 | M26: =K26-L26+M25 -> -2600 | Q26: =O26-P26+Q25 -> 0
A27: 16 | C27: فرق تريب دمام - رياض - بريده - مدينة - جدة | L27: 0 | M27: =K27-L27+M26 -> -2600 | Q27: =O27-P27+Q26 -> 0
A28: 17 | C28: راتب يونيو - يوليو - أغسطس | K28: =2500*3 -> 7500 | L28: 0 | M28: =K28-L28+M27 -> 4900 | Q28: =O28-P28+Q27 -> 0
A29: 18 | C29: حمل من الدمام الى الأردن | K29: 1400 | L29: 2300 | M29: =K29-L29+M28 -> 4000 | Q29: =O29-P29+Q28 -> 0
A30: 19 | B30: 44811 | C30: كاش من ابوبيان - حمل الدمام الاحساء | L30: 500 | M30: =K30-L30+M29 -> 3500 | Q30: =O30-P30+Q29 -> 0
A31: 20 | B31: 44823 | C31: قيمة بيع السياره الخضراء | K31: 11000 | L31: 0 | M31: =K31-L31+M30 -> 14500 | Q31: =O31-P31+Q30 -> 0
A32: 21 | B32: 44823 | C32: سلفه للكشف الطبي | K32: 0 | L32: 500 | M32: =K32-L32+M31 -> 14000 | Q32: =O32-P32+Q31 -> 0
A33: 22 | B33: 44825 | C33: كارت تشغيل | K33: 0 | L33: 115 | M33: =K33-L33+M32 -> 13885 | Q33: =O33-P33+Q32 -> 0
A34: 23 | B34: 44829 | C34: جهاز تتبع | K34: 0 | L34: 1100 | M34: =K34-L34+M33 -> 12785 | Q34: =O34-P34+Q33 -> 0
A35: 24 | B35: 44829 | C35: كاش من ابوبيان - حمل الدمام جدة مناديل | K35: 0 | L35: 500 | M35: =K35-L35+M34 -> 12285 | Q35: =O35-P35+Q34 -> 0
A36: 25 | B36: 44839 | C36: كاش من ابوبيان | K36: 0 | L36: 200 | M36: =K36-L36+M35 -> 12085 | Q36: =O36-P36+Q35 -> 0
A37: 26 | B37: 44829 | C37: راتب شهر سبتمبر | K37: =2500/30*15 -> 1250 | L37: 0 | M37: =K37-L37+M36 -> 13335 | Q37: =O37-P37+Q36 -> 0
A38: 27 | B38: 44829 | C38: حمل مناديل دمام جدة | K38: 1800 | L38: 0 | M38: =K38-L38+M37 -> 15135 | Q38: =O38-P38+Q37 -> 0
A39: 28 | B39: 44835 | C39: حمل جدة دمام امريكانا | K39: 2200 | L39: 0 | M39: =K39-L39+M38 -> 17335 | Q39: =O39-P39+Q38 -> 0
A40: 29 | B40: 44840 | C40: قيمة شراء السياره الزرقاء 3228 | K40: 0 | L40: 20000 | M40: =K40-L40+M39 -> -2665 | Q40: =O40-P40+Q39 -> 0
A41: 30 | B41: 44840 | C41: سداد مخالفات على ايهان | K41: 0 | L41: 4700 | M41: =K41-L41+M40 -> -7365 | Q41: =O41-P41+Q40 -> 0
A42: 31 | B42: 44840 | C42: نقل ملكية مرتين | K42: 0 | L42: 1200 | M42: =K42-L42+M41 -> -8565 | Q42: =O42-P42+Q41 -> 0
A43: 32 | B43: 44840 | C43: تامين مرتين | K43: 0 | L43: 5000 | M43: =K43-L43+M42 -> -13565 | Q43: =O43-P43+Q42 -> 0
A44: 33 | B44: 44840 | C44: تعقيب وزارة النقل | K44: 0 | L44: 1000 | M44: =K44-L44+M43 -> -14565 | Q44: =O44-P44+Q43 -> 0
A45: 34 | B45: 44842 | C45: سلفة من احمد سلامه | K45: 0 | L45: 1500 | M45: =K45-L45+M44 -> -16065 | Q45: =O45-P45+Q44 -> 0
A46: 35 | B46: 44902 | C46: اصدار كارت سائق | K46: 0 | L46: 150 | M46: =K46-L46+M45 -> -16215 | Q46: =O46-P46+Q45 -> 0
A47: 36 | B47: 44928 | C47: مبلغ متبقي من 1800 ريال تم تحويلها الى شركة فالرياض ومطلوب استردارها | K47: 0 | L47: 800 | M47: =K47-L47+M46 -> -17015 | Q47: =O47-P47+Q46 -> 0
A48: 37 | B48: 44904 | C48: مخالفة وقوف 1272 | K48: 0 | L48: 100 | M48: =K48-L48+M47 -> -17115 | Q48: =O48-P48+Q47 -> 0
A49: 38 | B49: 45004 | C49: دفعه من التجديد | K49: 3000 | L49: 0 | M49: =K49-L49+M48 -> -14115 | Q49: =O49-P49+Q48 -> 0
A50: 39 | B50: 45004 | C50: كارت عمل 2425 + جوازات 413 | K50: 0 | L50: =2425+413 -> 2838 | M50: =K50-L50+M49 -> -16953 | Q50: =O50-P50+Q49 -> 0
A51: 40 | C51: اصلاح الماكينة عند ابوقاسم | L51: 7600 | M51: =K51-L51+M50 -> -24553 | Q51: =O51-P51+Q50 -> 0
A52: 41 | C52: زيت بنشر وليد | L52: 360 | M52: =K52-L52+M51 -> -24913 | Q52: =O52-P52+Q51 -> 0
A53: 42 | C53: احمال حفر الباطن ابوالليل | K53: =1100*5 -> 5500 | L53: 0 | M53: =K53-L53+M52 -> -19413 | Q53: =O53-P53+Q52 -> 0
A54: 43 | C54: سلفه من ابوالليل 500 | K54: 0 | L54: 500 | M54: =K54-L54+M53 -> -19913 | Q54: =O54-P54+Q53 -> 0
A55: 44 | B55: 45096 | C55: تامين راس | K55: 0 | L55: 1680 | M55: =K55-L55+M54 -> -21593 | Q55: =O55-P55+Q54 -> 0
A56: 45 | C56: سلفه من ابوبيان وقت الحج | L56: 1500 | M56: =K56-L56+M55 -> -23093 | Q56: =O56-P56+Q55 -> 0
A57: 46 | B57: 45379 | C57: دفعه تحويل على 110 | K57: 8500 | L57: 0 | M57: =K57-L57+M56 -> -14593 | Q57: =O57-P57+Q56 -> 0
A58: 47 | B58: 45536 | C58: تجديد استماره 1600 + كارت ميزان + بطاقة سائق / تم الدفع كاش الى ابوبيان 1150 + تحويل 500 + تحويل 250 | K58: =1150+500+250 -> 1900 | L58: =1300+300+150+150 -> 1900 | M58: =K58-L58+M57 -> -14593 | Q58: =O58-P58+Q57 -> 0
A59: 48 | B59: 45493 | C59: باقي من التجديد | K59: 0 | L59: 1550 | M59: =K59-L59+M58 -> -16143 | Q59: =O59-P59+Q58 -> 0
A60: 49 | C60: كفرات | K60: 0 | L60: 1800 | M60: =K60-L60+M59 -> -17943 | Q60: =O60-P60+Q59 -> 0
A61: 50 | B61: 45686 | C61: دفعه الى ابوبيان وقت إجازة احمد سلامه 6000 (3000لتجديد 3 شهور) ( 3000 دفعه من المديونية) | K61: 3000 | L61: 0 | M61: =K61-L61+M60 -> -14943 | Q61: =O61-P61+Q60 -> 0
A62: 51 | B62: 45872 | C62: تم بيع الراس الى م محمد عبده قاسم ( أبو حسين 0502517008) تفاصيل البيع عند ابوبيان | K62: 15000 | L62: 0 | M62: =K62-L62+M61 -> 57 | Q62: =O62-P62+Q61 -> 0
A63: 52 | C63: مستحقات 48 شهر من 1 / 8 / 1443 الى 1 / 8 / 1447 | M63: =K63-L63+M62 -> 57 | P63: =700*48 -> 33600 | Q63: =O63-P63+Q62 -> -33600
A64: 53 | M64: =K64-L64+M63 -> 57 | Q64: =O64-P64+Q63 -> -33600
A65: 54 | M65: =K65-L65+M64 -> 57 | Q65: =O65-P65+Q64 -> -33600
A66: 55 | M66: =K66-L66+M65 -> 57 | Q66: =O66-P66+Q65 -> -33600
A67: 56 | M67: =K67-L67+M66 -> 57 | Q67: =O67-P67+Q66 -> -33600
A68: 57 | M68: =K68-L68+M67 -> 57 | Q68: =O68-P68+Q67 -> -33600
A69: 58 | M69: =K69-L69+M68 -> 57 | Q69: =O69-P69+Q68 -> -33600
A70: 59 | M70: =K70-L70+M69 -> 57 | Q70: =O70-P70+Q69 -> -33600
A71: 60 | M71: =K71-L71+M70 -> 57 | Q71: =O71-P71+Q70 -> -33600
A72: 61 | M72: =K72-L72+M71 -> 57 | Q72: =O72-P72+Q71 -> -33600
A73: 62 | M73: =K73-L73+M72 -> 57 | Q73: =O73-P73+Q72 -> -33600
A74: 63 | M74: =K74-L74+M73 -> 57 | Q74: =O74-P74+Q73 -> -33600
A75: 64 | M75: =K75-L75+M74 -> 57 | Q75: =O75-P75+Q74 -> -33600
... A111: 100 | M111: =K111-L111+M110 -> 57 | Q111: =O111-P111+Q110 -> -33600

Sheet 19
A2: الاسم | B2: عماد التقي | D2: الجوال | E2: 0536124432 | G2: طبيعة العمل | H2: سائق شاحنة له | J2: ملاحظات | K2: على الكفاله /لديه شاحنة على اسطول الخليج
A4: الاقامه | B4: 2266992110 | D4: بداية | E4: 45267 | G4: من طرف | H4: ابوبيان
A6: السيارة | B6: 2672 | D6: شهريا | E6: 700 | G6: مسدد الى تاريخ | H6: 44978
A8: كشف السائقين | K8: =SUM(K20:K111) -> 19195 | L8: =SUM(L20:L111) -> 20295 | M8: =K8-L8 -> -1100 | O8: =SUM(O12:O111) -> 5000 | P8: =SUM(P12:P111) -> 33600 | Q8: =O8-P8 -> -28600
K10: خدمات عامة | O10: مستحقات
A11: م | B11: التاريخ | C11: البيان | K11: دائن | L11: مدين | M11: الرصيد | O11: دائن | P11: مدين | Q11: الرصيد
A12: 1 | C12: دفعة تحت الحساب | K12: 9000 | L12: 0 | M12: =K12-L12 -> 9000 | O12: 0 | P12: 0 | Q12: =O12-P12 -> 0
A13: 2 | C13: سداد رسوم نقل كفاله ( تم الاسترجاع ) | K13: 0 | L13: 0 | M13: =K13-L13 -> 0 | O13: 0 | P13: 0 | Q13: =O13-P13+Q12 -> 0
A14: 3 | C14: سداد رسوم اشتراك جهاز تتبع مع التحويل | K14: 0 | L14: 615 | M14: =K14-L14 -> -615 | O14: 0 | P14: 0 | Q14: =O14-P14+Q13 -> 0
A15: 4 | C15: تامين | K15: 0 | L15: 2300 | M15: =K15-L15 -> -2300 | Q15: =O15-P15+Q14 -> 0
A16: 5 | C16: نقل ملكيه مع بدل فاقد | K16: 0 | L16: 1200 | M16: =K16-L16 -> -1200 | Q16: =O16-P16+Q15 -> 0
A17: 6 | C17: رسوم كارت تشغيل | L17: 115 | M17: =K17-L17 -> -115 | Q17: =O17-P17+Q16 -> 0
A18: 7 | C18: مخالفة منع | L18: 1000 | M18: =K18-L18 -> -1000 | Q18: =O18-P18+Q17 -> 0
A19: 8 | C19: تحويل تصفية حساب ( تم تصفيه الحساب وبيع سياره 6891 الى شخص اخر وبدء حساب جديد اسفله ) | K19: 0 | L19: 3770 | M19: =K19-L19 -> -3770 | Q19: =O19-P19+Q18 -> 0
A20: 9 | B20: 44772 | C20: دفعه من نقل وتجديد السياره 2672 | K20: 3000 | L20: 0 | M20: =K20-L20 -> 3000 | O20: 0 | P20: 0 | Q20: =O20-P20+Q19 -> 0
A21: 10 | B21: 44774 | C21: قيمة كشف حساب صيانة 2672 | K21: 0 | L21: 13395 | M21: =K21-L21+M20 -> -10395 | O21: 0 | P21: 0 | Q21: =O21-P21+Q20 -> 0
A22: 11 | B22: 44775 | C22: رسوم تجديد + تعقيب تجديد + تحويل + تامين | K22: 0 | L22: =1500+1200+400+2400 -> 5500 | M22: =K22-L22+M21 -> -15895 | O22: 0 | P22: 0 | Q22: =O22-P22+Q21 -> 0
A23: 12 | B23: 44789 | C23: رسوم نقل كفاله | K23: 2000 | L23: 0 | M23: =K23-L23+M22 -> -13895 | O23: 0 | P23: 0 | Q23: =O23-P23+Q22 -> 0
A24: 13 | C24: بداية المستحقات سياره وسائق 1 / 08 / 2022 | K24: 0 | L24: 0 | M24: =K24-L24+M23 -> -13895 | O24: 0 | P24: 0 | Q24: =O24-P24+Q23 -> 0
A25: 14 | B25: 44842 | C25: لوحات حواجز | K25: 0 | L25: 450 | M25: =K25-L25+M24 -> -14345 | O25: 0 | P25: 0 | Q25: =O25-P25+Q24 -> 0
A26: 15 | B26: 44850 | C26: خ و عودة + تفويض دولي | K26: 0 | L26: 300 | M26: =K26-L26+M25 -> -14645 | O26: 0 | P26: 0 | Q26: =O26-P26+Q25 -> 0
A27: 16 | B27: 44853 | C27: تقرير مقيم | K27: 0 | L27: 50 | M27: =K27-L27+M26 -> -14695 | O27: 0 | P27: 0 | Q27: =O27-P27+Q26 -> 0
A28: 17 | B28: 44858 | C28: دفعه من مديونية | K28: 750 | L28: 0 | M28: =K28-L28+M27 -> -13945 | O28: 0 | P28: 0 | Q28: =O28-P28+Q27 -> 0
A29: 18 | C29: مستحقات من 1 / 08 / 2022 الى 1 / 08 / 2023 | K29: 0 | L29: 0 | M29: =K29-L29+M28 -> -13945 | O29: 0 | P29: =700*12 -> 8400 | Q29: =O29-P29+Q28 -> -8400
A30: 19 | B30: 44902 | C30: اصدار كارت سائق | K30: 0 | L30: 150 | M30: =K30-L30+M29 -> -14095 | O30: 0 | P30: 0 | Q30: =O30-P30+Q29 -> -8400
A31: 20 | B31: 45120 | C31: دفعه من المديونية كاش الى ابوبيان | K31: 5000 | L31: 0 | M31: =K31-L31+M30 -> -9095 | O31: 0 | P31: 0 | Q31: =O31-P31+Q30 -> -8400
A32: 21 | B32: 45122 | C32: تجديد كارت تشغيل | K32: 0 | L32: 150 | M32: =K32-L32+M31 -> -9245 | O32: 0 | P32: 0 | Q32: =O32-P32+Q31 -> -8400
A33: 22 | B33: 45144 | C33: تمديد خروج وعوده | K33: 0 | L33: 300 | M33: =K33-L33+M32 -> -9545 | O33: 0 | P33: 0 | Q33: =O33-P33+Q32 -> -8400
A34: 23 | B34: 45221 | C34: دفعه من مستحقات الى 1 / 3 / 2023 | K34: 0 | L34: 0 | M34: =K34-L34+M33 -> -9545 | O34: 5000 | P34: 0 | Q34: =O34-P34+Q33 -> -3400 | X34: =700*18 -> 12600
A35: 24 | C35: دفعه من مديونية الخدمات | K35: 945 | L35: 0 | M35: =K35-L35+M34 -> -8600 | O35: 0 | P35: 0 | Q35: =O35-P35+Q34 -> -3400 | X35: 8600
A36: 25 | B36: 45221 | C36: مستحقات من 1 / 08 / 2023 الى 1 / 08 / 2024 | K36: 0 | L36: 0 | M36: =K36-L36+M35 -> -8600 | O36: 0 | P36: =700*12 -> 8400 | Q36: =O36-P36+Q35 -> -11800
A37: 26 | B37: 45677 | C37: دفعه من المديونية كاش الى ابوبيان | K37: 4000 | L37: 0 | M37: =K37-L37+M36 -> -4600 | O37: 0 | P37: 0 | Q37: =O37-P37+Q36 -> -11800
A38: 27 | C38: مستحقات من 1 / 08 / 2024 الى 1 / 08 / 2025 | K38: 0 | L38: 0 | M38: =K38-L38+M37 -> -4600 | O38: 0 | P38: 8400 | Q38: =O38-P38+Q37 -> -20200
A39: 28 | B39: 45852 | C39: دفعه كاش الى ابوبيان | K39: 3500 | L39: 0 | M39: =K39-L39+M38 -> -1100 | O39: 0 | P39: 0 | Q39: =O39-P39+Q38 -> -20200
A40: 29 | B40: 45889 | C40: مستحقات من 1 / 08 / 2026 الى 1 / 08 / 2027 | K40: 0 | L40: 0 | M40: =K40-L40+M39 -> -1100 | O40: 0 | P40: 8400 | Q40: =O40-P40+Q39 -> -28600
A41: 30 | K41: 0 | L41: 0 | M41: =K41-L41+M40 -> -1100 | O41: 0 | P41: 0 | Q41: =O41-P41+Q40 -> -28600
A42: 31 | K42: 0 | L42: 0 | M42: =K42-L42+M41 -> -1100 | O42: 0 | P42: 0 | Q42: =O42-P42+Q41 -> -28600
A43: 32 | K43: 0 | L43: 0 | M43: =K43-L43+M42 -> -1100 | O43: 0 | P43: 0 | Q43: =O43-P43+Q42 -> -28600
A44: 33 | K44: 0 | L44: 0 | M44: =K44-L44+M43 -> -1100 | O44: 0 | P44: 0 | Q44: =O44-P44+Q43 -> -28600
A45: 34 | K45: 0 | L45: 0 | M45: =K45-L45+M44 -> -1100 | O45: 0 | P45: 0 | Q45: =O45-P45+Q44 -> -28600
A46: 35 | K46: 0 | L46: 0 | M46: =K46-L46+M45 -> -1100 | O46: 0 | P46: 0 | Q46: =O46-P46+Q45 -> -28600
A47: 36 | K47: 0 | L47: 0 | M47: =K47-L47+M46 -> -1100 | O47: 0 | P47: 0 | Q47: =O47-P47+Q46 -> -28600
A48: 37 | K48: 0 | L48: 0 | M48: =K48-L48+M47 -> -1100 | O48: 0 | P48: 0 | Q48: =O48-P48+Q47 -> -28600
A49: 38 | K49: 0 | L49: 0 | M49: =K49-L49+M48 -> -1100 | O49: 0 | P49: 0 | Q49: =O49-P49+Q48 -> -28600
A50: 39 | K50: 0 | L50: 0 | M50: =K50-L50+M49 -> -1100 | O50: 0 | P50: 0 | Q50: =O50-P50+Q49 -> -28600
A51: 40 | K51: 0 | L51: 0 | M51: =K51-L51+M50 -> -1100 | O51: 0 | P51: 0 | Q51: =O51-P51+Q50 -> -28600
A52: 41 | K52: 0 | L52: 0 | M52: =K52-L52+M51 -> -1100 | O52: 0 | P52: 0 | Q52: =O52-P52+Q51 -> -28600
... A111: 100 | K111: 0 | L111: 0 | M111: =K111-L111+M110 -> -1100 | O111: 0 | P111: 0 | Q111: =O111-P111+Q110 -> -28600

Sheet 20
A2: الاسم | B2: محمد الأحمد | D2: الجوال | E2: 0554671238 | G2: طبيعة العمل | H2: سائق شاحنة له | J2: ملاحظات | K2: ليس على الكفاله /لديه شاحنة على اسطول الخليج
A4: الاقامه | B4: 2248778017 | D4: بداية | E4: 44594 | G4: من طرف | H4: أبو عبدالله السوري
A6: السيارة | B6: 3597 | D6: شهريا | E6: 350 | G6: مسدد الى تاريخ | H6: 45658
A8: كشف السائقين | K8: =SUM(K12:K111) -> 8915 | L8: =SUM(L12:L111) -> 8915 | M8: =K8-L8 -> 0 | O8: =SUM(O12:O111) -> 14200 | P8: =SUM(P12:P111) -> 15600 | Q8: =O8-P8 -> -1400
K10: خدمات عامة | O10: مستحقات
A11: م | B11: التاريخ | C11: البيان | K11: دائن | L11: مدين | M11: الرصيد | O11: دائن | P11: مدين | Q11: الرصيد
A12: 1 | B12: 44616 | C12: مخالفه عدم وجود تامين 7634 | K12: 100 | L12: 100 | M12: =K12-L12 -> 0 | O12: 0 | P12: 0 | Q12: =O12-P12 -> 0
A13: 2 | C13: تفويض دولي | K13: 600 | L13: 600 | M13: =K13-L13+M12 -> 0 | O13: 0 | P13: 0 | Q13: =O13-P13+Q12 -> 0
A14: 3 | C14: رسوم سنوية من 01 / 07 / 1443 الى 01 / 07 / 1444 - مدفوع 2000 الى ابوبيان وقت الاتفاق | K14: 0 | L14: 0 | M14: =K14-L14+M13 -> 0 | O14: 2000 | P14: =12*250 -> 3000 | Q14: =O14-P14+Q13 -> -1000
A15: 4 | B15: 44816 | C15: باقي رسوم سنوية من 01 / 07 / 1443 الى 01 / 07 / 1444 - تحويل 110 | K15: 0 | L15: 0 | M15: =K15-L15+M14 -> 0 | O15: 1000 | P15: 0 | Q15: =O15-P15+Q14 -> 0
A16: 5 | B16: 44828 | C16: استلام قيمة تجديدكارت تشغيل | K16: 115 | L16: 115 | M16: =K16-L16+M15 -> 0 | O16: 0 | P16: 0 | Q16: =O16-P16+Q15 -> 0
A17: 6 | B17: 44966 | C17: سدلد مخالفه و تامين جديد | K17: 2550 | L17: 2550 | M17: =K17-L17+M16 -> 0 | O17: 0 | P17: 0 | Q17: =O17-P17+Q16 -> 0
A18: 7 | B18: 44966 | C18: رسوم سنوية من 01 / 07 / 1444 الى 01 / 07 / 1445 | K18: 0 | L18: 0 | M18: =K18-L18+M17 -> 0 | O18: 0 | P18: =350*12 -> 4200 | Q18: =O18-P18+Q17 -> -4200
A19: 8 | C19: قيمة تامين حادث 5950 ريال - سداد مستحقات الى 7 / 1445 | K19: 1750 | L19: 0 | M19: =K19-L19+M18 -> 1750 | O19: 4200 | P19: 0 | Q19: =O19-P19+Q18 -> 0
A20: 9 | C20: مخالفة عدم وجود وثيقة نقل | K20: 0 | L20: 3000 | M20: =K20-L20+M19 -> -1250 | O20: 0 | P20: 0 | Q20: =O20-P20+Q19 -> 0
A21: 10 | C21: تحويل في تاريخ 2 / 7 / 1444 | K21: 1250 | L21: 0 | M21: =K21-L21+M20 -> 0 | O21: 0 | P21: 0 | Q21: =O21-P21+Q20 -> 0
A22: 11 | B22: 45182 | C22: تجديد كارت تشغيل | K22: 150 | L22: 150 | M22: =K22-L22+M21 -> 0 | O22: 0 | P22: 0 | Q22: =O22-P22+Q21 -> 0
A23: 12 | B23: 45412 | C23: رسوم سنوية من 01 / 07 / 1445 الى 01 / 07 / 1446 | K23: 0 | L23: 0 | M23: =K23-L23+M22 -> 0 | O23: 0 | P23: =12*350 -> 4200 | Q23: =O23-P23+Q22 -> -4200
A24: 13 | B24: 45655 | C24: دفعه من مستحقات الى 1 / 2 / 1446 | K24: 0 | L24: 0 | M24: =K24-L24+M23 -> 0 | O24: 2000 | P24: 0 | Q24: =O24-P24+Q23 -> -2200
A25: 14 | B25: 45708 | C25: تحويل على 306 قيمة تفويض دولي ودفعه من مستحقات الى 1 / 7 / 1446 | K25: 550 | L25: 550 | M25: =K25-L25+M24 -> 0 | O25: 2200 | P25: 0 | Q25: =O25-P25+Q24 -> 0
A26: 15 | B26: 45708 | C26: رسوم سنوية من 01 / 01 / 2025 الى 01 / 01 / 2026 | K26: 0 | L26: 0 | M26: =K26-L26+M25 -> 0 | O26: 0 | P26: =12*350 -> 4200 | Q26: =O26-P26+Q25 -> -4200
A27: 16 | C27: تحويل على 306 تجديد استماره 1700 + بطاقة تشغيل150+مستحقات الى 1 / 9 / 2025 | K27: =150+1700 -> 1850 | L27: =150+1700 -> 1850 | M27: =K27-L27+M26 -> 0 | O27: 2800 | P27: 0 | Q27: =O27-P27+Q26 -> -1400
A28: 17 | K28: 0 | L28: 0 | M28: =K28-L28+M27 -> 0 | O28: 0 | P28: 0 | Q28: =O28-P28+Q27 -> -1400
A29: 18 | K29: 0 | L29: 0 | M29: =K29-L29+M28 -> 0 | O29: 0 | P29: 0 | Q29: =O29-P29+Q28 -> -1400
A30: 19 | K30: 0 | L30: 0 | M30: =K30-L30+M29 -> 0 | O30: 0 | P30: 0 | Q30: =O30-P30+Q29 -> -1400
A31: 20 | K31: 0 | L31: 0 | M31: =K31-L31+M30 -> 0 | O31: 0 | P31: 0 | Q31: =O31-P31+Q30 -> -1400
A32: 21 | K32: 0 | L32: 0 | M32: =K32-L32+M31 -> 0 | O32: 0 | P32: 0 | Q32: =O32-P32+Q31 -> -1400
A33: 22 | K33: 0 | L33: 0 | M33: =K33-L33+M32 -> 0 | O33: 0 | P33: 0 | Q33: =O33-P33+Q32 -> -1400
A34: 23 | K34: 0 | L34: 0 | M34: =K34-L34+M33 -> 0 | O34: 0 | P34: 0 | Q34: =O34-P34+Q33 -> -1400
A35: 24 | K35: 0 | L35: 0 | M35: =K35-L35+M34 -> 0 | O35: 0 | P35: 0 | Q35: =O35-P35+Q34 -> -1400
A36: 25 | K36: 0 | L36: 0 | M36: =K36-L36+M35 -> 0 | O36: 0 | P36: 0 | Q36: =O36-P36+Q35 -> -1400
A37: 26 | K37: 0 | L37: 0 | M37: =K37-L37+M36 -> 0 | O37: 0 | P37: 0 | Q37: =O37-P37+Q36 -> -1400
A38: 27 | K38: 0 | L38: 0 | M38: =K38-L38+M37 -> 0 | O38: 0 | P38: 0 | Q38: =O38-P38+Q37 -> -1400
A39: 28 | K39: 0 | L39: 0 | M39: =K39-L39+M38 -> 0 | O39: 0 | P39: 0 | Q39: =O39-P39+Q38 -> -1400
... A111: 100 | K111: 0 | L111: 0 | M111: =K111-L111+M110 -> 0 | O111: 0 | P111: 0 | Q111: =O111-P111+Q110 -> -1400

Sheet 21
A2: الاسم | B2: مروان ياسين | D2: الجوال | E2: 0537339335 | G2: طبيعة العمل | H2: سائق شاحنة له | J2: ملاحظات | K2: على الكفاله /لديه شاحنة على اسطول الخليج
A4: الاقامه | B4: 2267184402 | D4: بداية | E4: 44886 | G4: من طرف | H4: محمد اطرش
A6: السيارة | B6: 6787 | D6: شهريا | E6: 700 | G6: مسدد الى تاريخ | H6: 45962
A8: كشف السائقين | K8: =SUM(K12:K110) -> 60900 | L8: =SUM(L12:L110) -> 61017 | M8: =K8-L8 -> -117 | O8: =SUM(O12:O110) -> 26900 | P8: =SUM(P12:P110) -> 25200 | Q8: =O8-P8 -> 1700
K10: خدمات عامة | O10: مستحقات
A11: م | B11: التاريخ | C11: البيان | K11: دائن | L11: مدين | M11: الرصيد | O11: دائن | P11: مدين | Q11: الرصيد
A12: 1 | B12: 44721 | C12: دفعة من معامله النقل والسيارات | K12: 4000 | L12: 0 | M12: =K12-L12 -> 4000 | O12: 0 | P12: 0 | Q12: =O12-P12 -> 0
A13: 2 | C13: فحص السياره | K13: 0 | L13: 2350 | M13: =K13-L13+M12 -> 1650 | O13: 0 | P13: 0 | Q13: =O13-P13+Q12 -> 0
A14: 3 | C14: جهاز تتبع | K14: 0 | L14: 1100 | M14: =K14-L14+M13 -> 550 | O14: 0 | P14: 0 | Q14: =O14-P14+Q13 -> 0
A15: 4 | C15: سمكرة | K15: 0 | L15: 1300 | M15: =K15-L15+M14 -> -750 | O15: 0 | P15: 0 | Q15: =O15-P15+Q14 -> 0
A16: 5 | C16: كاش من ابوبيان | K16: 0 | L16: 4200 | M16: =K16-L16+M15 -> -4950 | O16: 0 | P16: 0 | Q16: =O16-P16+Q15 -> 0
A17: 6 | C17: شراء اونلاين | K17: 0 | L17: 864 | M17: =K17-L17+M16 -> -5814 | O17: 0 | P17: 0 | Q17: =O17-P17+Q16 -> 0
A18: 7 | C18: تامين 1738 | K18: 0 | L18: 2000 | M18: =K18-L18+M17 -> -7814 | O18: 0 | P18: 0 | Q18: =O18-P18+Q17 -> 0
A19: 8 | C19: نقل مع الرسوم + مبايعه + تعقيب 1738 | K19: 0 | L19: 900 | M19: =K19-L19+M18 -> -8714 | O19: 0 | P19: 0 | Q19: =O19-P19+Q18 -> 0
A20: 9 | C20: تجديد مع الرسوم + تعقيب 1738 | K20: 0 | L20: 1800 | M20: =K20-L20+M19 -> -10514 | O20: 0 | P20: 0 | Q20: =O20-P20+Q19 -> 0
A21: 10 | C21: رسوم تحويل الى عام 1738 | K21: 0 | L21: 1500 | M21: =K21-L21+M20 -> -12014 | O21: 0 | P21: 0 | Q21: =O21-P21+Q20 -> 0
A22: 11 | C22: رسوم طباعه مستخدم | K22: 0 | L22: 100 | M22: =K22-L22+M21 -> -12114 | O22: 0 | P22: 0 | Q22: =O22-P22+Q21 -> 0
A23: 12 | C23: اتعاب تحويل الى نقل عام | K23: 0 | L23: 500 | M23: =K23-L23+M22 -> -12614 | O23: 0 | P23: 0 | Q23: =O23-P23+Q22 -> 0
A24: 13 | C24: كارت تشغيل | K24: 0 | L24: 115 | M24: =K24-L24+M23 -> -12729 | O24: 0 | P24: 0 | Q24: =O24-P24+Q23 -> 0
... A28: 17 | C28: 2عمود ميزانيه+بلف ميزان ورشة أنور | K28: 0 | L28: 850 | M28: =K28-L28+M27 -> -17639 | O28: 0 | P28: 0 | Q28: =O28-P28+Q27 -> 0
A29: 18 | C29: مستحقات 12 شهر من 01 / 12 / 1443 الي 1 / 12 / 1444 | K29: 0 | L29: 0 | M29: =K29-L29+M28 -> -17639 | O29: 0 | P29: =12*700 -> 8400 | Q29: =O29-P29+Q28 -> -8400
A30: 19 | C30: كاش من أبو يس الى ابوبيان | K30: 8475 | L30: 0 | M30: =K30-L30+M29 -> -9164 | O30: 0 | P30: 0 | Q30: =O30-P30+Q29 -> -8400
A31: 20 | B31: 44798 | C31: كاش من أبو يس الى احمد سلامه ( 1200 دولا تعادل 4500 ريال ) | K31: 4500 | L31: 0 | M31: =K31-L31+M30 -> -4664 | O31: 0 | P31: 0 | Q31: =O31-P31+Q30 -> -8400
A32: 21 | B32: 44819 | C32: قيمة بيع سياره أبو يس | K32: 10000 | L32: 0 | M32: =K32-L32+M31 -> 5336 | O32: 0 | P32: 0 | Q32: =O32-P32+Q31 -> -8400
A33: 22 | B33: 44832 | C33: تاشيره زياره رشيد | K33: 0 | L33: 200 | M33: =K33-L33+M32 -> 5136 | O33: 0 | P33: 0 | Q33: =O33-P33+Q32 -> -8400
A34: 23 | B34: 44839 | C34: تحويل الى فايز محمد عبدالرزاق | K34: 0 | L34: 5000 | M34: =K34-L34+M33 -> 136 | O34: 0 | P34: 0 | Q34: =O34-P34+Q33 -> -8400
A35: 24 | B35: 44886 | C35: تجديد أقامه 6 + خ و ع متعدده 6 جوازات+ تفويض دولي 6 ش + مخالفات | K35: 8600 | L35: =4850+325+1450+300+1100+200+300 -> 8525 | M35: =K35-L35+M34 -> 211 | O35: 0 | P35: 0 | Q35: =O35-P35+Q34 -> -8400
A36: 25 | B36: 44886 | C36: سداد 6 شهر الى 1 / 06 / 1444 | K36: 0 | L36: 0 | M36: =K36-L36+M35 -> 211 | O36: =700*6 -> 4200 | P36: 0 | Q36: =O36-P36+Q35 -> -4200
A37: 26 | B37: قديم | C37: لوحات حواجز | K37: 1000 | L37: 0 | M37: =K37-L37+M36 -> 1211 | O37: 0 | P37: 0 | Q37: =O37-P37+Q36 -> -4200
A38: 27 | B38: 44896 | C38: تاشيره زياره رشيد | K38: 0 | L38: 200 | M38: =K38-L38+M37 -> 1011 | O38: 0 | P38: 0 | Q38: =O38-P38+Q37 -> -4200
A39: 28 | B39: 44902 | C39: اصدار بطاقة سائق | K39: 0 | L39: 150 | M39: =K39-L39+M38 -> 861 | O39: 0 | P39: 0 | Q39: =O39-P39+Q38 -> -4200
A40: 29 | B40: 44903 | C40: تقرير مقيم | K40: 0 | L40: 100 | M40: =K40-L40+M39 -> 761 | O40: 0 | P40: 0 | Q40: =O40-P40+Q39 -> -4200
A41: 30 | C41: انوار 2008 سياره بالحوش | K41: 0 | L41: 400 | M41: =K41-L41+M40 -> 361 | O41: 0 | P41: 0 | Q41: =O41-P41+Q40 -> -4200
A42: 31 | B42: 44949 | C42: قيمة اسقاط لوحات 3666 | K42: 0 | L42: 1500 | M42: =K42-L42+M41 -> -1139 | O42: 0 | P42: 0 | Q42: =O42-P42+Q41 -> -4200
A43: 32 | B43: 44992 | C43: تامين 6787 | K43: 2000 | L43: 2400 | M43: =K43-L43+M42 -> -1539 | O43: 0 | P43: 0 | Q43: =O43-P43+Q42 -> -4200
A44: 33 | B44: 44995 | C44: سداد مخالفات | K44: 0 | L44: 450 | M44: =K44-L44+M43 -> -1989 | O44: 0 | P44: 0 | Q44: =O44-P44+Q43 -> -4200
A45: 34 | B45: 45014 | C45: دفعه من مديونية الخدمات | K45: 2000 | L45: 11 | M45: =K45-L45+M44 -> 0 | O45: 0 | P45: 0 | Q45: =O45-P45+Q44 -> -4200
A46: 36 | B46: 45123 | C46: قيمة تفويض قديم +سداد مستحقات الى 1 / 12 / 1444 +مخالفه150+تجديد أقامه 6 شهور 5175+تأمين1530+خ و عودة م4شهور700+خطاب مصدق50+تحويل الى مضحي400 | K46: 8800 | L46: =400+150+5175+1530+700+50+795 -> 8800 | M46: =K46-L46+M45 -> 0 | O46: 4200 | P46: 0 | Q46: =O46-P46+Q45 -> 0
A47: 37 | B47: 45123 | C47: مستحقات 12 شهر من 01 / 12 / 1444 الي 1 / 12 / 1445 | K47: 0 | L47: 0 | M47: =K47-L47+M46 -> 0 | O47: 0 | P47: =12*700 -> 8400 | Q47: =O47-P47+Q46 -> -8400
A48: 38 | C48: تغيير مهنة | K48: 0 | L48: 1100 | M48: =K48-L48+M47 -> -1100 | O48: 0 | P48: 0 | Q48: =O48-P48+Q47 -> -8400
A49: 39 | B49: 45337 | C49: تمديد خ و عودة شهر | K49: 0 | L49: =200+300 -> 500 | M49: =K49-L49+M48 -> -1600 | O49: 0 | P49: 0 | Q49: =O49-P49+Q48 -> -8400
A50: 40 | B50: 45377 | C50: تمديد خ و عودة لنهاية الاقامه | K50: 0 | L50: 800 | M50: =K50-L50+M49 -> -2400 | O50: 0 | P50: 0 | Q50: =O50-P50+Q49 -> -8400
A51: 41 | B51: 45379 | C51: تجديد 6 اشهر + سداد مخالفه على اقامته 150 | K51: 0 | L51: =4850+325+150 -> 5325 | M51: =K51-L51+M50 -> -7725 | O51: 0 | P51: 0 | Q51: =O51-P51+Q50 -> -8400
A52: 42 | B52: 45393 | C52: قيمة تجديد و تمديد + مستحقات 6 شهور الى 1 / 6 / 1445 | K52: =10425-4200 -> 6225 | L52: 0 | M52: =K52-L52+M51 -> -1500 | O52: =700*6 -> 4200 | P52: 0 | Q52: =O52-P52+Q51 -> -4200
A53: 43 | B53: 45666 | C53: فاتورة امريكانا الدمام 7716 | K53: 2300 | L53: 0 | M53: =K53-L53+M52 -> 800 | O53: 0 | P53: 0 | Q53: =O53-P53+Q52 -> -4200
A54: 44 | B54: 45666 | C54: قيمة خ و عودة 3 شهور | K54: 0 | L54: 300 | M54: =K54-L54+M53 -> 500 | O54: 0 | P54: 0 | Q54: =O54-P54+Q53 -> -4200
A55: 45 | B55: 45735 | C55: تم تسليمه راس رقم 1451 / بربح منصافه كشف الحساب في ملفه ( الموظفين ) | M55: 0 | O55: 0 | P55: 0 | Q55: =O55-P55+Q54 -> -4200
A56: 46 | B56: 45735 | C56: مستحقات 12 شهر من 01 / 12 / 1445 الي 1 / 12 / 1446 | M56: =K56-L56+M55 -> 0 | O56: 0 | P56: =12*700 -> 8400 | Q56: =O56-P56+Q55 -> -12600
A57: 47 | B57: 45759 | C57: اقفال مستحقات حتى تاريخ 1 / 11 / 2025 | M57: =K57-L57+M56 -> 0 | O57: =11900+2400 -> 14300 | P57: 0 | Q57: 0
A58: 48 | B58: 45862 | C58: تصفية حساب مع ابويس الى تاريخ24 / 7 / 2025 باقي عليه 3078 | L58: 3078 | M58: =K58-L58+M57 -> -3078 | O58: 0 | P58: 0 | Q58: =O58-P58+Q57 -> 0
A59: 49 | C59: دفعه كاش الى ابوبيان | K59: 3000 | M59: =K59-L59+M58 -> -78 | O59: 0 | P59: 0 | Q59: =O59-P59+Q58 -> 0
A60: 50 | B60: 45921 | C60: قيمة مخالفات على ابوبس 339 + خ و عودة 200 | L60: =339+200 -> 539 | M60: =K60-L60+M59 -> -617 | O60: 0 | P60: 0 | Q60: =O60-P60+Q59 -> 0
A61: 51 | M61: =K61-L61+M60 -> -617 | O61: 0 | P61: 0 | Q61: =O61-P61+Q60 -> 0
A62: 52 | M62: =K62-L62+M61 -> -617 | O62: 0 | P62: 0 | Q62: =O62-P62+Q61 -> 0
A63: 53 | M63: =K63-L63+M62 -> -617 | O63: 0 | P63: 0 | Q63: =O63-P63+Q62 -> 0
A64: 54 | M64: =K64-L64+M63 -> -617 | O64: 0 | P64: 0 | Q64: =O64-P64+Q63 -> 0
A65: 55 | M65: =K65-L65+M64 -> -617 | O65: 0 | P65: 0 | Q65: =O65-P65+Q64 -> 0
A66: 56 | M66: =K66-L66+M65 -> -617 | O66: 0 | P66: 0 | Q66: =O66-P66+Q65 -> 0
A67: 57 | M67: =K67-L67+M66 -> -617 | O67: 0 | P67: 0 | Q67: =O67-P67+Q66 -> 0
A68: 58 | M68: =K68-L68+M67 -> -617 | O68: 0 | P68: 0 | Q68: =O68-P68+Q67 -> 0
A69: 59 | M69: =K69-L69+M68 -> -617 | O69: 0 | P69: 0 | Q69: =O69-P69+Q68 -> 0
A70: 60 | M70: =K70-L70+M69 -> -617 | O70: 0 | P70: 0 | Q70: =O70-P70+Q69 -> 0
A71: 61 | M71: =K71-L71+M70 -> -617 | O71: 0 | P71: 0 | Q71: =O71-P71+Q70 -> 0
A72: 62 | M72: =K72-L72+M71 -> -617 | O72: 0 | P72: 0 | Q72: =O72-P72+Q71 -> 0
... A110: 100 | M110: =K110-L110+M109 -> -617 | O110: 0 | P110: 0 | Q110: =O110-P110+Q109 -> 0

Sheet 22
A2: الاسم | B2: مصطفى يوسف | D2: الجوال | E2: 0500463982 | G2: طبيعة العمل | H2: سائق شاحنة له | J2: ملاحظات | K2: على الكفاله /جار نقل شاحنة على اسطول الخليج
A4: الاقامه | B4: 2219684467 | D4: بداية | E4: 44840 | G4: من طرف | H4: عبدالرزاق حيلاني
K5: تم التواصل / موعد 10 / 11
A6: السيارة | B6: 1140 | D6: شهريا | E6: 400 | G6: مسدد الى تاريخ | H6: 44949
A8: كشف السائقين | K8: =SUM(K12:K111) -> 19150 | L8: =SUM(L12:L111) -> 18850 | M8: =K8-L8 -> 300 | O8: =SUM(O12:O111) -> 3400 | P8: =SUM(P12:P111) -> 9600 | Q8: =O8-P8 -> -6200
K10: خدمات عامة | O10: مستحقات
A11: م | B11: التاريخ | C11: البيان | K11: دائن | L11: مدين | M11: الرصيد | O11: دائن | P11: مدين | Q11: الرصيد
A12: 1 | B12: 44721 | C12: دفعة تحت الحساب | K12: 4000 | L12: 0 | M12: =K12-L12 -> 4000 | O12: 0 | P12: 0 | Q12: =O12-P12 -> 0
A13: 2 | C13: سداد مخالفه وقوف على اقامته | K13: 0 | L13: 100 | M13: =K13-L13+M12 -> 3900 | O13: 0 | P13: 0 | Q13: =O13-P13+Q12 -> 0
A14: 3 | C14: سداد رسوم تجديد مع غرامة | K14: 0 | L14: 1650 | M14: =K14-L14+M13 -> 2250 | O14: 0 | P14: 0 | Q14: =O14-P14+Q13 -> 0
A15: 4 | C15: سداد كارت عمل | K15: 0 | L15: 9700 | M15: =K15-L15+M14 -> -7450 | O15: 0 | P15: 0 | Q15: =O15-P15+Q14 -> 0
A16: 5 | C16: طباعه إقامة | K16: 0 | L16: 100 | M16: =K16-L16+M15 -> -7550 | O16: 0 | P16: 0 | Q16: =O16-P16+Q15 -> 0
A17: 6 | B17: 44733 | C17: دفعه من مديونية سابقة | K17: 7550 | L17: 0 | M17: =K17-L17+M16 -> 0 | O17: 0 | P17: 0 | Q17: =O17-P17+Q16 -> 0
A18: 7 | B18: 44780 | C18: تحويل على اسطول العرب 100 | K18: 1400 | L18: 0 | M18: =K18-L18+M17 -> 1400 | O18: 0 | P18: 0 | Q18: =O18-P18+Q17 -> 0
A19: 8 | C19: رسوم 12 شهر من 01 / 11 / 1443 الى 01 / 11 / 1444 | K19: 0 | L19: 0 | M19: =K19-L19+M18 -> 1400 | O19: 0 | P19: =12*400 -> 4800 | Q19: =O19-P19+Q18 -> -4800
A20: 9 | B20: 44796 | C20: كارت عمل + رسوم جوازات 6 اشهر | K20: 0 | L20: 5200 | M20: =K20-L20+M19 -> -3800 | O20: 0 | P20: 0 | Q20: =O20-P20+Q19 -> -4800
A21: 10 | B21: 44796 | C21: دفعه من تجديد 6 اشهر | K21: 3800 | L21: 0 | M21: =K21-L21+M20 -> 0 | O21: 0 | P21: 0 | Q21: =O21-P21+Q20 -> -4800
A22: 11 | B22: 44804 | C22: تحديث معلومات الجواز | K22: 0 | L22: 300 | M22: =K22-L22+M21 -> -300 | O22: 0 | P22: 0 | Q22: =O22-P22+Q21 -> -4800
A23: 12 | B23: 44844 | C23: لوحات اعتماد حواجز 900 دفع لابوبيان 500 و 400 لاحمد | K23: 400 | L23: 400 | M23: =K23-L23+M22 -> -300 | O23: 0 | P23: 0 | Q23: =O23-P23+Q22 -> -4800
A24: 13 | B24: 44853 | C24: تحويل على اسطول الخليج 110 - 1400 ريال | K24: 300 | L24: 0 | M24: =K24-L24+M23 -> 0 | O24: 1100 | P24: 0 | Q24: =O24-P24+Q23 -> -3700
A25: 14 | B25: 44880 | C25: تحويل على اسطول الخليج 110 - 1400 ريال - مستحقات الى 1 / 5 / 1444 | K25: 100 | L25: 0 | M25: =K25-L25+M24 -> 100 | O25: 1300 | P25: 0 | Q25: =O25-P25+Q24 -> -2400
A26: 15 | B26: 44880 | C26: خروج وعودة من الجوازات - تحويل على اسطول الخليج 110 - 1400 ريال | K26: 100 | L26: 200 | M26: =K26-L26+M25 -> 0 | O26: 0 | P26: 0 | Q26: =O26-P26+Q25 -> -2400
A27: 16 | B27: 45006 | C27: تحويل على اسطول الخليج 110 - 1000 ريال - مستحقات الى 1 / 7 / 1444 | K27: 0 | L27: 0 | M27: =K27-L27+M26 -> 0 | O27: 1000 | P27: 0 | Q27: =O27-P27+Q26 -> -1400
A28: 17 | C28: رسوم 12 شهر من 01 / 11 / 1444 الى 01 / 11 / 1445 | K28: 0 | L28: 0 | M28: =K28-L28+M27 -> 0 | O28: 0 | P28: =12*400 -> 4800 | Q28: =O28-P28+Q27 -> -6200
A29: 18 | B29: 45286 | C29: تغيير مهنة الى سائق حافله حسب طلبه | K29: 1200 | L29: 1200 | M29: =K29-L29+M28 -> 0 | O29: 0 | P29: 0 | Q29: =O29-P29+Q28 -> -6200
A30: 19 | B30: 45286 | C30: رصيد لم يحدد جهة صرفه | K30: 300 | L30: 0 | M30: =K30-L30+M29 -> 300 | O30: 0 | P30: 0 | Q30: =O30-P30+Q29 -> -6200
A31: 20 | M31: =K31-L31+M30 -> 300 | O31: 0 | P31: 0 | Q31: =O31-P31+Q30 -> -6200
A32: 21 | M32: =K32-L32+M31 -> 300 | O32: 0 | P32: 0 | Q32: =O32-P32+Q31 -> -6200
A33: 22 | M33: =K33-L33+M32 -> 300 | O33: 0 | P33: 0 | Q33: =O33-P33+Q32 -> -6200
A34: 23 | M34: =K34-L34+M33 -> 300 | O34: 0 | P34: 0 | Q34: =O34-P34+Q33 -> -6200
A35: 24 | M35: =K35-L35+M34 -> 300 | O35: 0 | P35: 0 | Q35: =O35-P35+Q34 -> -6200
A36: 25 | M36: =K36-L36+M35 -> 300 | O36: 0 | P36: 0 | Q36: =O36-P36+Q35 -> -6200
A37: 26 | M37: =K37-L37+M36 -> 300 | O37: 0 | P37: 0 | Q37: =O37-P37+Q36 -> -6200
A38: 27 | M38: =K38-L38+M37 -> 300 | O38: 0 | P38: 0 | Q38: =O38-P38+Q37 -> -6200
A39: 28 | M39: =K39-L39+M38 -> 300 | O39: 0 | P39: 0 | Q39: =O39-P39+Q38 -> -6200
A40: 29 | M40: =K40-L40+M39 -> 300 | O40: 0 | P40: 0 | Q40: =O40-P40+Q39 -> -6200
A41: 30 | M41: =K41-L41+M40 -> 300 | O41: 0 | P41: 0 | Q41: =O41-P41+Q40 -> -6200
A42: 31 | M42: =K42-L42+M41 -> 300 | O42: 0 | P42: 0 | Q42: =O42-P42+Q41 -> -6200
... A111: 100 | M111: =K111-L111+M110 -> 300 | O111: 0 | P111: 0 | Q111: =O111-P111+Q110 -> -6200

Sheet 24
A2: الاسم | B2: عز الدين المسالمه | D2: الجوال | E2: 0535172340 | G2: طبيعة العمل | H2: سائق شاحنة له | J2: ملاحظات | K2: ليس على الكفاله /لديه شاحنة على اسطول الخليج
A4: الاقامه | B4: 2279835793 | D4: بداية | E4: 44733 | G4: من طرف | H4: ابوبيان
A6: السيارة | B6: 5786 | D6: شهريا | E6: 400 | G6: مسدد الى تاريخ | H6: 45539
A8: كشف السائقين | K8: =SUM(K12:K111) -> 5855 | L8: =SUM(L12:L111) -> 5855 | M8: =K8-L8 -> 0 | O8: =SUM(O12:O111) -> 16150 | P8: =SUM(P12:P111) -> 16150 | Q8: =O8-P8 -> 0
K10: خدمات عامة | O10: مستحقات
A11: م | B11: التاريخ | C11: البيان | K11: دائن | L11: مدين | M11: الرصيد | O11: دائن | P11: مدين | Q11: الرصيد
A12: 1 | C12: مبلغ الى امير منصور باقي من قيمة الشاحنة / تم الدفع | K12: 3000 | L12: 3000 | M12: =K12-L12 -> 0 | O12: 0 | P12: 0 | Q12: =O12-P12 -> 0
A13: 2 | C13: رسوم 12 شهر من 22 / 11 / 1443 الى 22 / 11 / 1444 | K13: 0 | L13: 0 | M13: =K13-L13+M12 -> 0 | O13: 0 | P13: =12*400 -> 4800 | Q13: =O13-P13+Q12 -> -4800
A14: 3 | B14: 44912 | C14: تفويض دولي شهر | K14: 150 | L14: 150 | M14: =K14-L14+M13 -> 0 | O14: 0 | P14: 0 | Q14: =O14-P14+Q13 -> -4800
A15: 4 | B15: 44978 | C15: كاش 6150 / تجديد كارت تشغيل 150 + تامين 2400 + دفعه من رسوم الى 22 / 8 / 1444 | K15: =150+2400 -> 2550 | L15: =150+2400 -> 2550 | M15: =K15-L15+M14 -> 0 | O15: 3600 | P15: 0 | Q15: =O15-P15+Q14 -> -1200
A16: 5 | B16: 45117 | C16: رسوم 12 شهر من 11 / 1444 الى 11 / 1445 | K16: 0 | L16: 0 | M16: =K16-L16+M15 -> 0 | O16: 0 | P16: =12*400 -> 4800 | Q16: =O16-P16+Q15 -> -6000
A17: 6 | B17: 45117 | C17: دفعه من مستحقات 4 شهور الى 12 / 1444 | K17: 0 | L17: 0 | M17: =K17-L17+M16 -> 0 | O17: =400*4 -> 1600 | P17: 0 | Q17: =O17-P17+Q16 -> -4400
A18: 7 | B18: 45118 | C18: تفويض دولي شهرين | K18: 155 | L18: 155 | M18: =K18-L18+M17 -> 0 | O18: 0 | P18: 0 | Q18: =O18-P18+Q17 -> -4400
A19: 8 | B19: 45241 | C19: دفعه من مستحقات 3 شهور الى 3 / 1445 | M19: =K19-L19+M18 -> 0 | O19: 1350 | P19: 0 | Q19: =O19-P19+Q18 -> -3050
A20: 9 | C20: رسوم 12 شهر من 11 / 1445 الى 11 / 1446 | M20: =K20-L20+M19 -> 0 | O20: 0 | P20: =12*400 -> 4800 | Q20: =O20-P20+Q19 -> -7850
A21: 10 | B21: 45565 | C21: دفعه من مستحقات 12 شهر الى 3 / 1446 | M21: =K21-L21+M20 -> 0 | O21: 4800 | P21: 0 | Q21: =O21-P21+Q20 -> -3050
A22: 11 | B22: 45778 | C22: رسوم 4 شهر من 11 / 1446 الى 3 / 1447 | M22: =K22-L22+M21 -> 0 | O22: 0 | P22: 1750 | Q22: =O22-P22+Q21 -> -4800
A23: 12 | B23: 45860 | C23: تحويل من مشتري الراس على رضا مستحقات حتى تاريخ 1 / 3 / 1447 | M23: =K23-L23+M22 -> 0 | O23: 4800 | P23: 0 | Q23: =O23-P23+Q22 -> 0
A24: 13 | B24: 45861 | C24: تم انهاء المعامله وتحويل السياره على على رضا باكستاني | M24: =K24-L24+M23 -> 0 | O24: 0 | P24: 0 | Q24: =O24-P24+Q23 -> 0
A25: 14 | M25: =K25-L25+M24 -> 0 | O25: 0 | P25: 0 | Q25: =O25-P25+Q24 -> 0
A26: 15 | M26: =K26-L26+M25 -> 0 | O26: 0 | P26: 0 | Q26: =O26-P26+Q25 -> 0
A27: 16 | M27: =K27-L27+M26 -> 0 | O27: 0 | P27: 0 | Q27: =O27-P27+Q26 -> 0
A28: 17 | M28: =K28-L28+M27 -> 0 | O28: 0 | P28: 0 | Q28: =O28-P28+Q27 -> 0
A29: 18 | M29: =K29-L29+M28 -> 0 | O29: 0 | P29: 0 | Q29: =O29-P29+Q28 -> 0
A30: 19 | M30: =K30-L30+M29 -> 0 | O30: 0 | P30: 0 | Q30: =O30-P30+Q29 -> 0
A31: 20 | M31: =K31-L31+M30 -> 0 | O31: 0 | P31: 0 | Q31: =O31-P31+Q30 -> 0
A32: 21 | M32: =K32-L32+M31 -> 0 | O32: 0 | P32: 0 | Q32: =O32-P32+Q31 -> 0
A33: 22 | M33: =K33-L33+M32 -> 0 | O33: 0 | P33: 0 | Q33: =O33-P33+Q32 -> 0
A34: 23 | M34: =K34-L34+M33 -> 0 | O34: 0 | P34: 0 | Q34: =O34-P34+Q33 -> 0
A35: 24 | M35: =K35-L35+M34 -> 0 | O35: 0 | P35: 0 | Q35: =O35-P35+Q34 -> 0
A36: 25 | M36: =K36-L36+M35 -> 0 | O36: 0 | P36: 0 | Q36: =O36-P36+Q35 -> 0
... A111: 100 | M111: =K111-L111+M110 -> 0 | O111: 0 | P111: 0 | Q111: =O111-P111+Q110 -> 0

Sheet 26
A2: الاسم | B2: نضال محمد | D2: الجوال | E2: 0531850187 | G2: طبيعة العمل | H2: مندوب نقل | J2: ملاحظات | K2: على الكفاله
A4: الاقامه | B4: 2318009293 | D4: بداية | E4: 44922 | G4: من طرف | H4: مهند
A6: السيارة | B6: - | D6: شهريا | E6: 400 | G6: مسدد الى تاريخ | H6: 45333
A8: كشف السائقين | K8: =SUM(K12:K111) -> 0 | L8: =SUM(L12:L111) -> 1500 | M8: =K8-L8 -> -1500 | O8: =SUM(O12:O111) -> 10000 | P8: =SUM(P12:P111) -> 14400 | Q8: =O8-P8 -> -4400
K10: خدمات عامة | O10: مستحقات
A11: م | B11: التاريخ | C11: البيان | K11: دائن | L11: مدين | M11: الرصيد | O11: دائن | P11: مدين | Q11: الرصيد
A12: 1 | B12: 44819 | C12: رسوم 12 شهر من 1 / 8 / 1443 الى 1 / 8 / 1444 | K12: 0 | L12: 0 | M12: =K12-L12 -> 0 | O12: 0 | P12: =12*400 -> 4800 | Q12: =O12-P12 -> -4800
A13: 2 | C13: تحديث معلومات جواز | K13: 0 | L13: 300 | M13: =K13-L13+M12 -> -300 | O13: 0 | P13: 0 | Q13: =O13-P13+Q12 -> -4800
A14: 3 | B14: 45200 | C14: رسوم 12 شهر من 1 / 8 / 1444 الى 1 / 8 / 1445 | K14: 0 | L14: 0 | M14: =K14-L14+M13 -> -300 | O14: 0 | P14: =12*400 -> 4800 | Q14: =O14-P14+Q13 -> -9600
A15: 4 | B15: 45201 | C15: دفعه من مديونية المستحقات تحويل على 110 الى 1 / 8 / 1444 | K15: 0 | L15: 0 | M15: =K15-L15+M14 -> -300 | O15: 5000 | P15: 0 | Q15: =O15-P15+Q14 -> -4600
A16: 5 | B16: 45295 | C16: تغيير مهنة | K16: 0 | L16: 1200 | M16: =K16-L16+M15 -> -1500 | O16: 0 | P16: 0 | Q16: =O16-P16+Q15 -> -4600
A17: 6 | B17: 45413 | C17: رسوم 12 شهر من 1 / 8 / 1445 الى 1 / 8 / 1446 | K17: 0 | L17: 0 | M17: =K17-L17+M16 -> -1500 | O17: 0 | P17: =12*400 -> 4800 | Q17: =O17-P17+Q16 -> -9400
A18: 7 | B18: 45650 | C18: دفعه من مديونية المستحقات تحويل على 306 الى 1 / 8 / 1445 | K18: 0 | L18: 0 | M18: =K18-L18+M17 -> -1500 | O18: 5000 | P18: 0 | Q18: =O18-P18+Q17 -> -4400
A19: 8 | K19: 0 | L19: 0 | M19: =K19-L19+M18 -> -1500 | O19: 0 | P19: 0 | Q19: =O19-P19+Q18 -> -4400
A20: 9 | K20: 0 | L20: 0 | M20: =K20-L20+M19 -> -1500 | O20: 0 | P20: 0 | Q20: =O20-P20+Q19 -> -4400
A21: 10 | K21: 0 | L21: 0 | M21: =K21-L21+M20 -> -1500 | O21: 0 | P21: 0 | Q21: =O21-P21+Q20 -> -4400
A22: 11 | K22: 0 | L22: 0 | M22: =K22-L22+M21 -> -1500 | O22: 0 | P22: 0 | Q22: =O22-P22+Q21 -> -4400
A23: 12 | K23: 0 | L23: 0 | M23: =K23-L23+M22 -> -1500 | O23: 0 | P23: 0 | Q23: =O23-P23+Q22 -> -4400
A24: 13 | K24: 0 | L24: 0 | M24: =K24-L24+M23 -> -1500 | O24: 0 | P24: 0 | Q24: =O24-P24+Q23 -> -4400
A25: 14 | K25: 0 | L25: 0 | M25: =K25-L25+M24 -> -1500 | O25: 0 | P25: 0 | Q25: =O25-P25+Q24 -> -4400
A26: 15 | K26: 0 | L26: 0 | M26: =K26-L26+M25 -> -1500 | O26: 0 | P26: 0 | Q26: =O26-P26+Q25 -> -4400
A27: 16 | K27: 0 | L27: 0 | M27: =K27-L27+M26 -> -1500 | O27: 0 | P27: 0 | Q27: =O27-P27+Q26 -> -4400
A28: 17 | K28: 0 | L28: 0 | M28: =K28-L28+M27 -> -1500 | O28: 0 | P28: 0 | Q28: =O28-P28+Q27 -> -4400
A29: 18 | K29: 0 | L29: 0 | M29: =K29-L29+M28 -> -1500 | O29: 0 | P29: 0 | Q29: =O29-P29+Q28 -> -4400
A30: 19 | K30: 0 | L30: 0 | M30: =K30-L30+M29 -> -1500 | O30: 0 | P30: 0 | Q30: =O30-P30+Q29 -> -4400
... A111: 100 | K111: 0 | L111: 0 | M111: =K111-L111+M110 -> -1500 | O111: 0 | P111: 0 | Q111: =O111-P111+Q110 -> -4400

Sheet 27
A2: الاسم | B2: بابو هندي | D2: الجوال | E2: 0565523120 | G2: طبيعة العمل | H2: مقاولات | J2: ملاحظات | K2: ليس على الكفاله / يتبعه ( 2 ) عمال انيل كومار و جاستين
A4: الاقامه | D4: بداية | G4: من طرف | H4: ابوبيان
A6: السيارة | B6: - | D6: شهريا | E6: 400 | G6: مسدد الى تاريخ | H6: 44712
A8: كشف السائقين | K8: =SUM(K12:K111) -> 18826 | L8: =SUM(L12:L111) -> 18826 | M8: =K8-L8 -> 0 | O8: =SUM(O12:O111) -> 0 | P8: =SUM(P12:P111) -> 3200 | Q8: =O8-P8 -> -3200
K10: خدمات | O10: مستحقات
A11: م | B11: التاريخ | C11: البيان | K11: دائن | L11: مدين | M11: الرصيد | O11: دائن | P11: مدين | Q11: الرصيد
A12: 1 | C12: متبقي من حساب اقامات وتاشيرات 3 عمال | K12: 0 | L12: 3500 | M12: =K12-L12 -> -3500 | O12: 0 | P12: 0 | Q12: =O12-P12 -> 0
A13: 2 | C13: تاريخ بدأ انيل كومار ((( 01 / 11 / 1443 ))) | K13: 0 | L13: 0 | M13: =K13-L13+M12 -> -3500 | O13: 0 | P13: 0 | Q13: =O13-P13+Q12 -> 0
A14: 3 | C14: تاريخ بدأ جاستن ((( 01 / 11 / 1443 ))) | K14: 0 | L14: 0 | M14: =K14-L14+M13 -> -3500 | O14: 0 | P14: 0 | Q14: =O14-P14+Q13 -> 0
A15: 4 | C15: مستحقات انيل 4 شهور من 1 / 11 / 1443 الى 1 / 03 / 1444 | K15: 0 | L15: 0 | M15: =K15-L15+M14 -> -3500 | O15: 0 | P15: =4*400 -> 1600 | Q15: =O15-P15+Q14 -> -1600
A16: 5 | C16: مستحقات جاستن 4 شهور من 1 / 11 / 1443 الى 1 / 03 / 1444 | K16: 0 | L16: 0 | M16: =K16-L16+M15 -> -3500 | O16: 0 | P16: =4*400 -> 1600 | Q16: =O16-P16+Q15 -> -3200
A17: 6 | C17: دفعه من تجديد 3 شهور جاستن | K17: 2500 | L17: 0 | M17: =K17-L17+M16 -> -1000 | O17: 0 | P17: 0 | Q17: =O17-P17+Q16 -> -3200
A18: 7 | C18: كارت عمل 3 شهور + تامين طبي + رسوم جوازات 3 شهور + غرامة جاستن | K18: 0 | L18: =650+163+500+2425 -> 3738 | M18: =K18-L18+M17 -> -4738 | O18: 0 | P18: 0 | Q18: =O18-P18+Q17 -> -3200
A19: 8 | C19: كارت عمل 3 شهور + رسوم جوازات 3 شهور انيل كومار | K19: 0 | L19: =2425 + 163 + 100 -> 2688 | M19: =K19-L19+M18 -> -7426 | O19: 0 | P19: 0 | Q19: =O19-P19+Q18 -> -3200
A20: 9 | B20: 44861 | C20: دفعه من تجديد 3 شهور جاستن | K20: 1238 | L20: 0 | M20: =K20-L20+M19 -> -6188 | O20: 0 | P20: 0 | Q20: =O20-P20+Q19 -> -3200
A21: 10 | B21: 44861 | C21: دفعه من تجديد 3 شهور انيل كومار | K21: 2688 | L21: 0 | M21: =K21-L21+M20 -> -3500 | O21: 0 | P21: 0 | Q21: =O21-P21+Q20 -> -3200
A22: 11 | B22: 44902 | C22: دفعه من مديونية | K22: 5000 | L22: 0 | M22: =K22-L22+M21 -> 1500 | O22: 0 | P22: 0 | Q22: =O22-P22+Q21 -> -3200
A23: 12 | B23: 44902 | C23: تجديد 3 شهور الى جاستن | K23: 0 | L23: =2425+163 -> 2588 | M23: =K23-L23+M22 -> -1088 | O23: 0 | P23: 0 | Q23: =O23-P23+Q22 -> -3200
A24: 13 | B24: 44949 | C24: تجديد 3 شهور الى انيل | K24: 2500 | L24: =2449+163 -> 2612 | M24: =K24-L24+M23 -> -1200 | O24: 0 | P24: 0 | Q24: =O24-P24+Q23 -> -3200
A25: 14 | B25: 44950 | C25: عقد مقاولات + ضريبة | K25: 0 | L25: 0 | M25: =K25-L25+M24 -> -1200 | O25: 0 | P25: 0 | Q25: =O25-P25+Q24 -> -3200
A26: 15 | B26: 44962 | C26: دفعه من مديونية + تجديد جاستن | K26: 2500 | L26: 3000 | M26: =K26-L26+M25 -> -1700 | O26: 0 | P26: 0 | Q26: =O26-P26+Q25 -> -3200
A27: 16 | B27: 45073 | C27: تامين بعلم ابوبيان | K27: 0 | L27: 700 | M27: =K27-L27+M26 -> -2400 | O27: 0 | P27: 0 | Q27: =O27-P27+Q26 -> -3200
A28: 17 | B28: 45077 | C28: دفعه من مديونية | K28: 2400 | L28: 0 | M28: =K28-L28+M27 -> 0 | O28: 0 | P28: 0 | Q28: =O28-P28+Q27 -> -3200
A29: 18 | K29: 0 | L29: 0 | M29: =K29-L29+M28 -> 0 | O29: 0 | P29: 0 | Q29: =O29-P29+Q28 -> -3200
A30: 19 | K30: 0 | L30: 0 | M30: =K30-L30+M29 -> 0 | O30: 0 | P30: 0 | Q30: =O30-P30+Q29 -> -3200
A31: 20 | K31: 0 | L31: 0 | M31: =K31-L31+M30 -> 0 | O31: 0 | P31: 0 | Q31: =O31-P31+Q30 -> -3200
A32: 21 | K32: 0 | L32: 0 | M32: =K32-L32+M31 -> 0 | O32: 0 | P32: 0 | Q32: =O32-P32+Q31 -> -3200
A33: 22 | K33: 0 | L33: 0 | M33: =K33-L33+M32 -> 0 | O33: 0 | P33: 0 | Q33: =O33-P33+Q32 -> -3200
A34: 23 | K34: 0 | L34: 0 | M34: =K34-L34+M33 -> 0 | O34: 0 | P34: 0 | Q34: =O34-P34+Q33 -> -3200
A35: 24 | K35: 0 | L35: 0 | M35: =K35-L35+M34 -> 0 | O35: 0 | P35: 0 | Q35: =O35-P35+Q34 -> -3200
A36: 25 | K36: 0 | L36: 0 | M36: =K36-L36+M35 -> 0 | O36: 0 | P36: 0 | Q36: =O36-P36+Q35 -> -3200
A37: 26 | K37: 0 | L37: 0 | M37: =K37-L37+M36 -> 0 | O37: 0 | P37: 0 | Q37: =O37-P37+Q36 -> -3200
A38: 27 | K38: 0 | L38: 0 | M38: =K38-L38+M37 -> 0 | O38: 0 | P38: 0 | Q38: =O38-P38+Q37 -> -3200
A39: 28 | K39: 0 | L39: 0 | M39: =K39-L39+M38 -> 0 | O39: 0 | P39: 0 | Q39: =O39-P39+Q38 -> -3200
A40: 29 | K40: 0 | L40: 0 | M40: =K40-L40+M39 -> 0 | O40: 0 | P40: 0 | Q40: =O40-P40+Q39 -> -3200
... A111: 100 | K111: 0 | L111: 0 | M111: =K111-L111+M110 -> 0 | O111: 0 | P111: 0 | Q111: =O111-P111+Q110 -> -3200

Sheet 29
A2: الاسم | B2: احمد حجازي | D2: الجوال | E2: 0535129367 | G2: طبيعة العمل | H2: سائق شاحنة له | J2: ملاحظات | K2: ليس على الكفاله / لديه شاحنه على اسطول الخليج
A4: الاقامه | B4: 2314453362 | D4: بداية | E4: 44844 | G4: من طرف | H4: مهند
A6: السيارة | B6: 3462 | D6: شهريا | E6: 400 | G6: مسدد الى تاريخ | H6: 45809
A8: كشف السائقين | K8: =SUM(K12:K110) -> 1900 | L8: =SUM(L12:L110) -> 1900 | M8: =K8-L8 -> 0 | O8: =SUM(O12:O110) -> 13200 | P8: =SUM(P12:P110) -> 19200 | Q8: =O8-P8 -> -6000
K10: خدمات | O10: مستحقات
A11: م | B11: التاريخ | C11: البيان | K11: دائن | L11: مدين | M11: الرصيد | O11: دائن | P11: مدين | Q11: الرصيد
A12: 1 | B12: 44852 | C12: خطاب مصدق + خطاب نقل + كارت تشغيل - تم الدفع من مهند | K12: 250 | L12: =100+150 -> 250 | M12: =K12-L12 -> 0 | O12: 0 | P12: 0 | Q12: =O12-P12 -> 0
A13: 2 | B13: 44941 | C13: رسوم 12 شهر من 01 / 03 / 1444 الى 01 / 03 / 1445 | K13: 0 | L13: 0 | M13: =K13-L13+M12 -> 0 | O13: 0 | P13: =400*12 -> 4800 | Q13: =O13-P13+Q12 -> -4800
A14: 3 | B14: 45091 | C14: تجديد استماره 1500 + مستحقات 5 شهور الى 01 / 08 / 1444 | K14: 1500 | L14: 1500 | M14: =K14-L14+M13 -> 0 | O14: 2000 | P14: 0 | Q14: =O14-P14+Q13 -> -2800
A15: 4 | B15: 45184 | C15: رسوم 12 شهر من 01 / 03 / 1445 الى 01 / 03 / 1446 | K15: 0 | L15: 0 | M15: =K15-L15+M14 -> 0 | O15: 0 | P15: =400*12 -> 4800 | Q15: =O15-P15+Q14 -> -7600
A16: 5 | B16: 45186 | C16: مستحقات 7 شهور الى 01 / 03 / 1445 | K16: 0 | L16: 0 | M16: =K16-L16+M15 -> 0 | O16: =400*7 -> 2800 | P16: 0 | Q16: =O16-P16+Q15 -> -4800
A17: 7 | B17: 45501 | C17: تحويل 4000 مستحقات الى 1 / 01 / 1446 | K17: 0 | L17: 0 | M17: =K17-L17+M16 -> 0 | O17: 4000 | P17: 0 | Q17: =O17-P17+Q16 -> -800
A18: 8 | C18: رسوم 12 شهر من 01 / 03 / 1446 الى 01 / 03 / 1447 | K18: 0 | L18: 0 | M18: =K18-L18+M17 -> 0 | O18: 0 | P18: 4800 | Q18: =O18-P18+Q17 -> -5600
A19: 9 | B19: 45532 | C19: تجديد كارت ميزان | K19: 0 | L19: 150 | M19: =K19-L19+M18 -> -150 | O19: 0 | P19: 0 | Q19: =O19-P19+Q18 -> -5600
A20: 10 | B20: 45715 | C20: تحويل على حساب احمد سلامه راجحي مستحقات الى 1 / 6 / 1446 | K20: 0 | L20: 0 | M20: =K20-L20+M19 -> -150 | O20: 2000 | P20: 0 | Q20: =O20-P20+Q19 -> -3600
A21: 11 | B21: 45840 | C21: رسوم 12 شهر من 01 / 09 / 2025 الى 01 / 09 / 2026 | K21: 0 | L21: 0 | M21: =K21-L21+M20 -> -150 | O21: 0 | P21: 4800 | Q21: =O21-P21+Q20 -> -8400
A22: 12 | B22: 45852 | C22: تحويل على 306 منهم 150 خدمات + 2400 مسحقات الى 6 / 2025 | K22: 150 | L22: 0 | M22: =K22-L22+M21 -> 0 | O22: 2400 | P22: 0 | Q22: =O22-P22+Q21 -> -6000
A23: 13 | K23: 0 | L23: 0 | M23: =K23-L23+M22 -> 0 | O23: 0 | P23: 0 | Q23: =O23-P23+Q22 -> -6000
A24: 14 | K24: 0 | L24: 0 | M24: =K24-L24+M23 -> 0 | O24: 0 | P24: 0 | Q24: =O24-P24+Q23 -> -6000
A25: 15 | K25: 0 | L25: 0 | M25: =K25-L25+M24 -> 0 | O25: 0 | P25: 0 | Q25: =O25-P25+Q24 -> -6000
A26: 16 | K26: 0 | L26: 0 | M26: =K26-L26+M25 -> 0 | O26: 0 | P26: 0 | Q26: =O26-P26+Q25 -> -6000
A27: 17 | K27: 0 | L27: 0 | M27: =K27-L27+M26 -> 0 | O27: 0 | P27: 0 | Q27: =O27-P27+Q26 -> -6000
A28: 18 | K28: 0 | L28: 0 | M28: =K28-L28+M27 -> 0 | O28: 0 | P28: 0 | Q28: =O28-P28+Q27 -> -6000
A29: 19 | K29: 0 | L29: 0 | M29: =K29-L29+M28 -> 0 | O29: 0 | P29: 0 | Q29: =O29-P29+Q28 -> -6000
A30: 20 | K30: 0 | L30: 0 | M30: =K30-L30+M29 -> 0 | O30: 0 | P30: 0 | Q30: =O30-P30+Q29 -> -6000
A31: 21 | K31: 0 | L31: 0 | M31: =K31-L31+M30 -> 0 | O31: 0 | P31: 0 | Q31: =O31-P31+Q30 -> -6000
A32: 22 | K32: 0 | L32: 0 | M32: =K32-L32+M31 -> 0 | O32: 0 | P32: 0 | Q32: =O32-P32+Q31 -> -6000
A33: 23 | K33: 0 | L33: 0 | M33: =K33-L33+M32 -> 0 | O33: 0 | P33: 0 | Q33: =O33-P33+Q32 -> -6000
A34: 24 | K34: 0 | L34: 0 | M34: =K34-L34+M33 -> 0 | O34: 0 | P34: 0 | Q34: =O34-P34+Q33 -> -6000
... A110: 100 | K110: 0 | L110: 0 | M110: =K110-L110+M109 -> 0 | O110: 0 | P110: 0 | Q110: =O110-P110+Q109 -> -6000

Sheet 30
A2: الاسم | B2: غسان سريا | D2: الجوال | E2: 0559885407 | G2: طبيعة العمل | J2: ملاحظات
A4: الاقامه | B4: 2264376852 | D4: بداية | G4: من طرف | H4: نفسه
A6: السيارة | D6: شهريا | E6: 400 | G6: مسدد الى تاريخ | H6: 45746
A8: كشف السائقين | K8: =SUM(K12:K111) -> 4250 | L8: =SUM(L12:L111) -> 4250 | M8: =K8-L8 -> 0 | O8: =SUM(O12:O111) -> 12000 | P8: =SUM(P12:P111) -> 14400 | Q8: =O8-P8 -> -2400
K10: خدمات | O10: مستحقات
A11: م | B11: التاريخ | C11: البيان | K11: دائن | L11: مدين | M11: الرصيد | O11: دائن | P11: مدين | Q11: الرصيد
A12: 1 | B12: 44859 | C12: تاريخ نقل العامل والسياره 1 / 4 / 1444 | K12: 0 | L12: 0 | M12: =K12-L12 -> 0 | O12: 0 | P12: 0 | Q12: =O12-P12 -> 0
A13: 2 | C13: تامين 1300 + تجديد 1300 + 1350 نقل وتعقيب + 150 كارت تشغيل | K13: 3000 | L13: =1300+1300+1350+150 -> 4100 | M13: =K13-L13+M12 -> -1100 | O13: 0 | P13: 0 | Q13: =O13-P13+Q12 -> 0
A14: 3 | B14: 44902 | C14: اصدار كارت سائق | K14: 0 | L14: 150 | M14: =K14-L14+M13 -> -1250 | O14: 0 | P14: 0 | Q14: =O14-P14+Q13 -> 0
A15: 4 | B15: 44915 | C15: دفعه من مديونية | K15: 1250 | L15: 0 | M15: =K15-L15+M14 -> 0 | O15: 0 | P15: 0 | Q15: =O15-P15+Q14 -> 0
A16: 5 | B16: 44915 | C16: رسوم سياره 7277 شهرين وتم بيعها / تم الإلغاء | K16: 0 | L16: 0 | M16: =K16-L16+M15 -> 0 | O16: 0 | P16: 0 | Q16: =O16-P16+Q15 -> 0
A17: 6 | B17: 44915 | C17: رسوم غسان 12 شهر من 01 / 04 / 1444 الى 01 / 04 / 1445 | K17: 0 | L17: 0 | M17: =K17-L17+M16 -> 0 | O17: 0 | P17: =400*12 -> 4800 | Q17: =O17-P17+Q16 -> -4800
A18: 7 | C18: رسوم 12 سنه مدفوع الى انس ( تصفيه مع حساب الورشه ) بعلم ابوبيان | K18: 0 | L18: 0 | M18: =K18-L18+M17 -> 0 | O18: =12*400 -> 4800 | P18: 0 | Q18: =O18-P18+Q17 -> 0
A19: 8 | B19: 45352 | C19: رسوم غسان 12 شهر من 01 / 04 / 1445 الى 01 / 04 / 1446 | K19: 0 | L19: 0 | M19: =K19-L19+M18 -> 0 | O19: 0 | P19: =12*400 -> 4800 | Q19: =O19-P19+Q18 -> -4800
A20: 9 | B20: 45438 | C20: مستحقات 6 شهور الى 01 / 10 / 1445 | K20: 0 | L20: 0 | M20: =K20-L20+M19 -> 0 | O20: 2400 | P20: 0 | Q20: =O20-P20+Q19 -> -2400
A21: 10 | B21: 45705 | C21: دفعه كاش عن طريق محمد سلامه مستحقات الى 1 / 4 / 1446 | K21: 0 | L21: 0 | M21: =K21-L21+M20 -> 0 | O21: 2400 | P21: 0 | Q21: =O21-P21+Q20 -> 0
A22: 11 | C22: رسوم غسان 12 شهر من 01 / 04 / 1446 الى 01 / 04 / 1447 | K22: 0 | L22: 0 | M22: =K22-L22+M21 -> 0 | O22: 0 | P22: 4800 | Q22: =O22-P22+Q21 -> -4800
A23: 12 | B23: 45781 | C23: تحويل على 306 مستحقات الى 1 / 10 / 1446 | K23: 0 | L23: 0 | M23: =K23-L23+M22 -> 0 | O23: 2400 | P23: 0 | Q23: =O23-P23+Q22 -> -2400
A24: 13 | K24: 0 | L24: 0 | M24: =K24-L24+M23 -> 0 | O24: 0 | P24: 0 | Q24: =O24-P24+Q23 -> -2400
A25: 14 | K25: 0 | L25: 0 | M25: =K25-L25+M24 -> 0 | O25: 0 | P25: 0 | Q25: =O25-P25+Q24 -> -2400
A26: 15 | K26: 0 | L26: 0 | M26: =K26-L26+M25 -> 0 | O26: 0 | P26: 0 | Q26: =O26-P26+Q25 -> -2400
A27: 16 | K27: 0 | L27: 0 | M27: =K27-L27+M26 -> 0 | O27: 0 | P27: 0 | Q27: =O27-P27+Q26 -> -2400
A28: 17 | K28: 0 | L28: 0 | M28: =K28-L28+M27 -> 0 | O28: 0 | P28: 0 | Q28: =O28-P28+Q27 -> -2400
A29: 18 | K29: 0 | L29: 0 | M29: =K29-L29+M28 -> 0 | O29: 0 | P29: 0 | Q29: =O29-P29+Q28 -> -2400
A30: 19 | K30: 0 | L30: 0 | M30: =K30-L30+M29 -> 0 | O30: 0 | P30: 0 | Q30: =O30-P30+Q29 -> -2400
A31: 20 | K31: 0 | L31: 0 | M31: =K31-L31+M30 -> 0 | O31: 0 | P31: 0 | Q31: =O31-P31+Q30 -> -2400
A32: 21 | K32: 0 | L32: 0 | M32: =K32-L32+M31 -> 0 | O32: 0 | P32: 0 | Q32: =O32-P32+Q31 -> -2400
A33: 22 | K33: 0 | L33: 0 | M33: =K33-L33+M32 -> 0 | O33: 0 | P33: 0 | Q33: =O33-P33+Q32 -> -2400
A34: 23 | K34: 0 | L34: 0 | M34: =K34-L34+M33 -> 0 | O34: 0 | P34: 0 | Q34: =O34-P34+Q33 -> -2400
A35: 24 | K35: 0 | L35: 0 | M35: =K35-L35+M34 -> 0 | O35: 0 | P35: 0 | Q35: =O35-P35+Q34 -> -2400
... A111: 100 | K111: 0 | L111: 0 | M111: =K111-L111+M110 -> 0 | O111: 0 | P111: 0 | Q111: =O111-P111+Q110 -> -2400

Sheet 31
A2: الاسم | B2: علي يمني | D2: الجوال | E2: 0507286812 | G2: طبيعة العمل | H2: سائق شاحنة | J2: ملاحظات | K2: لديه شاحنة على المؤسسة / ليس على الكفاله / سابقا كانت مع محمود درويش
A4: الاقامه | B4: 2500370966 | D4: بداية | G4: من طرف | H4: محمود درويش
A6: السيارة | B6: 3606 | D6: شهريا | E6: 400 | G6: مسدد الى تاريخ | H6: 45658
A8: كشف السائقين | K8: =SUM(K12:K111) -> 1650 | L8: =SUM(L12:L111) -> 1575 | M8: =K8-L8 -> 75 | O8: =SUM(O12:O111) -> 13700 | P8: =SUM(P12:P111) -> 14400 | Q8: =O8-P8 -> -700
K10: خدمات | O10: مستحقات
A11: م | B11: التاريخ | C11: البيان | K11: دائن | L11: مدين | M11: الرصيد | O11: دائن | P11: مدين | Q11: الرصيد
A12: 1 | C12: قيمة 2 شهر من 1 / 4 / 1444 الى 1 / 6 / 1444 | K12: 0 | L12: 0 | M12: =K12-L12 -> 0 | O12: 800 | P12: =2*400 -> 800 | Q12: =O12-P12 -> 0
A13: 2 | B13: 44926 | C13: تحويل على 110 قيمة تركيب حساس تتبع و مستحقات شهر الى 1 / 7 / 1444 | K13: 400 | L13: 400 | M13: =K13-L13+M12 -> 0 | O13: 400 | P13: 400 | Q13: =O13-P13+Q12 -> 0
A14: 3 | B14: 44961 | C14: مخالفه تامين رقم 0000 + مستحقات شهر الى 1 / 8 / 1444 | K14: 100 | L14: 100 | M14: =K14-L14+M13 -> 0 | O14: 400 | P14: 400 | Q14: =O14-P14+Q13 -> 0
A15: 4 | B15: 45144 | C15: مستحقات 4 شهور الى 1 / 12 / 1444 | K15: 0 | L15: 0 | M15: =K15-L15+M14 -> 0 | O15: 1600 | P15: 1600 | Q15: =O15-P15+Q14 -> 0
A16: 5 | B16: 45200 | C16: مستحقات 4 شهور الى 1 / 04 / 1445 | K16: 0 | L16: 0 | M16: =K16-L16+M15 -> 0 | O16: 1000 | P16: 1600 | Q16: =O16-P16+Q15 -> -600
A17: 6 | B17: 45200 | C17: تسجيل مستخدم فعلي عادل القاضي | K17: 0 | L17: 75 | M17: =K17-L17+M16 -> -75 | O17: 0 | P17: 0 | Q17: =O17-P17+Q16 -> -600
A18: 7 | B18: 45239 | C18: باقي من مستحقات 4 شهور الى 1 / 4 / 1445 | K18: 0 | L18: 0 | M18: =K18-L18+M17 -> -75 | O18: 600 | P18: 0 | Q18: =O18-P18+Q17 -> 0
A19: 8 | B19: 45239 | C19: مستحقات 12 شهر من 1 / 4 / 1445 الى 1 / 4 / 1446 | K19: 0 | L19: 0 | M19: =K19-L19+M18 -> -75 | O19: 0 | P19: =12*400 -> 4800 | Q19: =O19-P19+Q18 -> -4800
A20: 9 | B20: 45424 | C20: دفعه من المستحقات الى 1 / 8 / 1445 + تسجيل مستخدم 75 باقي رصيد خدمات 75 | K20: 150 | L20: 0 | M20: =K20-L20+M19 -> 75 | O20: =400*4 -> 1600 | P20: 0 | Q20: =O20-P20+Q19 -> -3200
A21: 10 | B21: 45564 | C21: دفعه من المستحقات الى 1 / 10 / 1445 | K21: 0 | L21: 0 | M21: =K21-L21+M20 -> 75 | O21: 1000 | P21: 0 | Q21: =O21-P21+Q20 -> -2200
A22: 11 | B22: 45622 | C22: دفعه من المستحقات الى 1 / 03 / 1446 - تحويل على 306 | K22: 0 | L22: 0 | M22: =K22-L22+M21 -> 75 | O22: 2000 | P22: 0 | Q22: =O22-P22+Q21 -> -200
A23: 12 | B23: 45623 | C23: مستحقات 12 شهر من 1 / 4 / 1446 الى 1 / 4 / 1447 | K23: 0 | L23: 0 | M23: =K23-L23+M22 -> 75 | O23: 0 | P23: =12*400 -> 4800 | Q23: =O23-P23+Q22 -> -5000
A24: 13 | B24: 45712 | C24: قيمة مخالفة ميزان | K24: 1000 | L24: 1000 | M24: =K24-L24+M23 -> 75 | O24: 0 | P24: 0 | Q24: =O24-P24+Q23 -> -5000
A25: 14 | B25: 45768 | C25: دفعه من المستحقات 1 / 7 / 1446 | K25: 0 | L25: 0 | M25: =K25-L25+M24 -> 75 | O25: 1500 | P25: 0 | Q25: =O25-P25+Q24 -> -3500
A26: 15 | B26: 45873 | C26: دفعه من المستحقات الى 1 / 3 / 1447 | K26: 0 | L26: 0 | M26: =K26-L26+M25 -> 75 | O26: 2800 | P26: 0 | Q26: =O26-P26+Q25 -> -700
A27: 16 | K27: 0 | L27: 0 | M27: =K27-L27+M26 -> 75 | O27: 0 | P27: 0 | Q27: =O27-P27+Q26 -> -700
A28: 17 | K28: 0 | L28: 0 | M28: =K28-L28+M27 -> 75 | O28: 0 | P28: 0 | Q28: =O28-P28+Q27 -> -700
A29: 18 | K29: 0 | L29: 0 | M29: =K29-L29+M28 -> 75 | O29: 0 | P29: 0 | Q29: =O29-P29+Q28 -> -700
A30: 19 | K30: 0 | L30: 0 | M30: =K30-L30+M29 -> 75 | O30: 0 | P30: 0 | Q30: =O30-P30+Q29 -> -700
A31: 20 | K31: 0 | L31: 0 | M31: =K31-L31+M30 -> 75 | O31: 0 | P31: 0 | Q31: =O31-P31+Q30 -> -700
A32: 21 | K32: 0 | L32: 0 | M32: =K32-L32+M31 -> 75 | O32: 0 | P32: 0 | Q32: =O32-P32+Q31 -> -700
A33: 22 | K33: 0 | L33: 0 | M33: =K33-L33+M32 -> 75 | O33: 0 | P33: 0 | Q33: =O33-P33+Q32 -> -700
A34: 23 | K34: 0 | L34: 0 | M34: =K34-L34+M33 -> 75 | O34: 0 | P34: 0 | Q34: =O34-P34+Q33 -> -700
A35: 24 | K35: 0 | L35: 0 | M35: =K35-L35+M34 -> 75 | O35: 0 | P35: 0 | Q35: =O35-P35+Q34 -> -700
A36: 25 | K36: 0 | L36: 0 | M36: =K36-L36+M35 -> 75 | O36: 0 | P36: 0 | Q36: =O36-P36+Q35 -> -700
A37: 26 | K37: 0 | L37: 0 | M37: =K37-L37+M36 -> 75 | O37: 0 | P37: 0 | Q37: =O37-P37+Q36 -> -700
A38: 27 | K38: 0 | L38: 0 | M38: =K38-L38+M37 -> 75 | O38: 0 | P38: 0 | Q38: =O38-P38+Q37 -> -700
... A111: 100 | K111: 0 | L111: 0 | M111: =K111-L111+M110 -> 75 | O111: 0 | P111: 0 | Q111: =O111-P111+Q110 -> -700

Sheet 32
A2: الاسم | B2: مازن مقبل | D2: الجوال | E2: 0557869277 | G2: طبيعة العمل | H2: سائق شاحنه له | J2: ملاحظات | K2: ليس على الكفاله / لديه شاحنة على المؤسسة
A4: الاقامه | B4: 2265016549 | D4: بداية | G4: من طرف | H4: ياسر مقبل 0552379915
A6: السيارة | B6: 3599 | D6: شهريا | E6: 300 | G6: مسدد الى تاريخ | H6: 45870
A8: كشف السائقين | K8: =SUM(K12:K111) -> 5085 | L8: =SUM(L12:L111) -> 5535 | M8: =K8-L8 -> -450 | O8: =SUM(O12:O111) -> 11500 | P8: =SUM(P12:P111) -> 13300 | Q8: =O8-P8 -> -1800
K10: خدمات | O10: مستحقات
A11: م | B11: التاريخ | C11: البيان | K11: دائن | L11: مدين | M11: الرصيد | O11: دائن | P11: مدين | Q11: الرصيد
A12: 1 | B12: 44880 | C12: تفويض دولي 6 شهور | K12: 0 | L12: 300 | M12: =K12-L12 -> -300 | O12: 0 | P12: 0 | Q12: =O12-P12 -> 0
A13: 2 | B13: 44880 | C13: مستحقات 8 شهور من 01 / 05 / 1444 الى 01 / 01 / 1445 | K13: 0 | L13: 0 | M13: =K13-L13+M12 -> -300 | O13: 0 | P13: =8*300 -> 2400 | Q13: =O13-P13+Q12 -> -2400
A14: 3 | B14: 44937 | C14: دفعه من المستحقات الى 1 / 8 / 1444 | K14: 0 | L14: 0 | M14: =K14-L14+M13 -> -300 | O14: 1000 | P14: 0 | Q14: =O14-P14+Q13 -> -1400
A15: 4 | B15: 44938 | C15: تفويض دولي 6 شهور | K15: 0 | L15: 585 | M15: =K15-L15+M14 -> -885 | O15: 0 | P15: 0 | Q15: =O15-P15+Q14 -> -1400
A16: 5 | B16: 44942 | C16: دفعه من مديونية خدمات | K16: 500 | L16: 0 | M16: =K16-L16+M15 -> -385 | O16: 0 | P16: 0 | Q16: =O16-P16+Q15 -> -1400
A17: 6 | C17: باقي من حساب شراء السياره | K17: 0 | L17: 2000 | M17: =K17-L17+M16 -> -2385 | O17: 0 | P17: 0 | Q17: =O17-P17+Q16 -> -1400
A18: 7 | B18: 44947 | C18: تفويض دولي شهر | K18: 0 | L18: 100 | M18: =K18-L18+M17 -> -2485 | O18: 0 | P18: 0 | Q18: =O18-P18+Q17 -> -1400
A19: 8 | B19: 44963 | C19: دفعه اخيره من شراء السياره + تفاويض قديمه | K19: 2485 | L19: 0 | M19: =K19-L19+M18 -> 0 | O19: 0 | P19: 0 | Q19: =O19-P19+Q18 -> -1400
A20: 9 | B20: 44966 | C20: سداد مخالفه على المؤسسة / تم اضافتها للمستحقات | K20: 0 | L20: 0 | M20: =K20-L20+M19 -> 0 | O20: 100 | P20: 0 | Q20: =O20-P20+Q19 -> -1300
A21: 10 | B21: 45083 | C21: مستحقات 12 شهور من 01 / 01 / 1445 الى 01 / 01 / 1446 | K21: 0 | L21: 0 | M21: =K21-L21+M20 -> 0 | O21: 0 | P21: =12*300 -> 3600 | Q21: =O21-P21+Q20 -> -4900
A22: 11 | C22: تجديد استمارة + مستحقات الى 1 / 1 / 1445 | K22: =1200+300 -> 1500 | L22: 1500 | M22: =K22-L22+M21 -> 0 | O22: =350*5 -> 1750 | P22: 0 | Q22: =O22-P22+Q21 -> -3150
A23: 12 | B23: 45308 | C23: كاش 2200 + مخالفات 3599 مبلغ 600 - كارت تشغيل 150 و مستحقات 2650 الى 01 / 08 / 1445 | K23: 150 | L23: 150 | M23: =K23-L23+M22 -> 0 | O23: =2650 -> 2650 | P23: 0 | Q23: =O23-P23+Q22 -> -500
A24: 13 | C24: مستحقات 12 شهور من 01 / 01 / 1446 الى 01 / 01 / 1447 | K24: 0 | L24: 0 | M24: =K24-L24+M23 -> 0 | O24: 0 | P24: =12*300 -> 3600 | Q24: =O24-P24+Q23 -> -4100
A25: 14 | B25: 45678 | C25: تحويل علىى حساب جاسم 4500 مستحقات الى 1 / 02 / 2025 + دفعه من تفويض دولي | K25: 300 | L25: 550 | M25: =K25-L25+M24 -> -250 | O25: 4200 | P25: 0 | Q25: =O25-P25+Q24 -> 100
A26: 15 | B26: 45678 | C26: مخالفة تامين و وقوف حتى تاريخ 21 / 1 / 2025 | K26: 0 | L26: 200 | M26: =K26-L26+M25 -> -450 | O26: 0 | P26: 100 | Q26: =O26-P26+Q25 -> 0
A27: 16 | B27: 45870 | C27: مستحقات بعد التخفيض من 2 / 2025 الى 2 / 2026 | K27: 0 | L27: 0 | M27: =K27-L27+M26 -> -450 | O27: 0 | P27: =12*300 -> 3600 | Q27: =O27-P27+Q26 -> -3600
A28: 17 | B28: 45892 | C28: تحويل على 306 تجديد بطاقة تشغيل 150 + مستحقات الى 1 / 8 / 2025 | K28: 150 | L28: 150 | M28: =K28-L28+M27 -> -450 | O28: 1800 | P28: 0 | Q28: =O28-P28+Q27 -> -1800
A29: 18 | K29: 0 | L29: 0 | M29: =K29-L29+M28 -> -450 | O29: 0 | P29: 0 | Q29: =O29-P29+Q28 -> -1800
A30: 19 | K30: 0 | L30: 0 | M30: =K30-L30+M29 -> -450 | O30: 0 | P30: 0 | Q30: =O30-P30+Q29 -> -1800
A31: 20 | K31: 0 | L31: 0 | M31: =K31-L31+M30 -> -450 | O31: 0 | P31: 0 | Q31: =O31-P31+Q30 -> -1800
A32: 21 | K32: 0 | L32: 0 | M32: =K32-L32+M31 -> -450 | O32: 0 | P32: 0 | Q32: =O32-P32+Q31 -> -1800
A33: 22 | K33: 0 | L33: 0 | M33: =K33-L33+M32 -> -450 | O33: 0 | P33: 0 | Q33: =O33-P33+Q32 -> -1800
A34: 23 | K34: 0 | L34: 0 | M34: =K34-L34+M33 -> -450 | O34: 0 | P34: 0 | Q34: =O34-P34+Q33 -> -1800
A35: 24 | K35: 0 | L35: 0 | M35: =K35-L35+M34 -> -450 | O35: 0 | P35: 0 | Q35: =O35-P35+Q34 -> -1800
A36: 25 | K36: 0 | L36: 0 | M36: =K36-L36+M35 -> -450 | O36: 0 | P36: 0 | Q36: =O36-P36+Q35 -> -1800
A37: 26 | K37: 0 | L37: 0 | M37: =K37-L37+M36 -> -450 | O37: 0 | P37: 0 | Q37: =O37-P37+Q36 -> -1800
A38: 27 | K38: 0 | L38: 0 | M38: =K38-L38+M37 -> -450 | O38: 0 | P38: 0 | Q38: =O38-P38+Q37 -> -1800
A39: 28 | K39: 0 | L39: 0 | M39: =K39-L39+M38 -> -450 | O39: 0 | P39: 0 | Q39: =O39-P39+Q38 -> -1800
A40: 29 | K40: 0 | L40: 0 | M40: =K40-L40+M39 -> -450 | O40: 0 | P40: 0 | Q40: =O40-P40+Q39 -> -1800
... A111: 100 | K111: 0 | L111: 0 | M111: =K111-L111+M110 -> -450 | O111: 0 | P111: 0 | Q111: =O111-P111+Q110 -> -1800

Sheet 33
A2: الاسم | B2: أبو عبدالرحمن | D2: الجوال | E2: 556761284 | G2: طبيعة العمل | H2: سائق شاحنة له | J2: ملاحظات | K2: ليس على الكفاله / لديه 2 شاحنة على المؤسسة ( 5645 - 9109 )
A4: الاقامه | B4: 2224029344 | D4: بداية | G4: من طرف | H4: نفسه
A6: السيارة | B6: 5645 / 9109 | D6: شهريا | E6: 800 | G6: مسدد الى تاريخ
A8: كشف السائقين | K8: =SUM(K12:K111) -> 4050 | L8: =SUM(L12:L111) -> 4050 | M8: =K8-L8 -> 0 | O8: =SUM(O12:O111) -> 3000 | P8: =SUM(P12:P111) -> 7600 | Q8: =O8-P8 -> -4600
K10: خدمات | O10: مستحقات
A11: م | B11: التاريخ | C11: البيان | K11: دائن | L11: مدين | M11: الرصيد | O11: دائن | P11: مدين | Q11: الرصيد
A12: 1 | C12: تاريخ شراء السياره 5645 - 15 / 10 / 2022 - 18 / 03 / 1444 | K12: 0 | L12: 0 | M12: =K12-L12 -> 0 | O12: 0 | P12: 0 | Q12: =O12-P12 -> 0
A13: 2 | B13: 44908 | C13: تسجيل مستخدم فعلي على 5645 | K13: 0 | L13: 50 | M13: =K13-L13+M12 -> -50 | O13: 0 | P13: 0 | Q13: =O13-P13+Q12 -> 0
A14: 3 | C14: تاريخ شراء السياره 9109 - 21 / 03 / 2022 - 18 / 08 / 1443 | K14: 0 | L14: 0 | M14: =K14-L14+M13 -> -50 | O14: 0 | P14: 0 | Q14: =O14-P14+Q13 -> 0
A15: 4 | C15: مستحقات 9109 - 18 / 8 / 1443 الى 18 / 8 / 1444 | K15: 0 | L15: 0 | M15: =K15-L15+M14 -> -50 | O15: 0 | P15: =250*12 -> 3000 | Q15: =O15-P15+Q14 -> -3000
A16: 5 | C16: مستحقات 9109 - 18 / 8 / 1444 الى 18 / 12 / 1445 | K16: 0 | L16: 0 | M16: =K16-L16+M15 -> -50 | O16: 0 | P16: =250*4 -> 1000 | Q16: =O16-P16+Q15 -> -4000
A17: 6 | C17: مستحقات 5645 - 18 / 03 / 1444 الى 18 / 12 / 1445 | K17: 0 | L17: 0 | M17: =K17-L17+M16 -> -50 | O17: 0 | P17: =400*9 -> 3600 | Q17: =O17-P17+Q16 -> -7600
A18: 7 | B18: 45091 | C18: تحويل قيمة حادث 3050 | K18: 50 | L18: 0 | M18: =K18-L18+M17 -> 0 | O18: 3000 | P18: 0 | Q18: =O18-P18+Q17 -> -4600
A19: 8 | B19: 45091 | C19: مبلغ كاش الى ابوبيان | K19: 4000 | L19: 0 | M19: =K19-L19+M18 -> 4000 | O19: 0 | P19: 0 | Q19: =O19-P19+Q18 -> -4600
A20: 9 | B20: 45179 | C20: تامين 5645 | K20: 0 | L20: 2400 | M20: =K20-L20+M19 -> 1600 | O20: 0 | P20: 0 | Q20: =O20-P20+Q19 -> -4600
A21: 10 | C21: تجديد استمارة 5645 | K21: 0 | L21: 1600 | M21: =K21-L21+M20 -> 0 | O21: 0 | P21: 0 | Q21: =O21-P21+Q20 -> -4600
A22: 11 | B22: 45792 | C22: كاش الى ابوبيان 2500 من ابوشادي / تم تصفية الحساب بين ابوشادي وابوبيان وفي انتظار نقل الملكية | K22: 0 | L22: 0 | M22: =K22-L22+M21 -> 0 | O22: 0 | P22: 0 | Q22: =O22-P22+Q21 -> -4600
A23: 12 | K23: 0 | L23: 0 | M23: =K23-L23+M22 -> 0 | O23: 0 | P23: 0 | Q23: =O23-P23+Q22 -> -4600
A24: 13 | K24: 0 | L24: 0 | M24: =K24-L24+M23 -> 0 | O24: 0 | P24: 0 | Q24: =O24-P24+Q23 -> -4600
A25: 14 | K25: 0 | L25: 0 | M25: =K25-L25+M24 -> 0 | O25: 0 | P25: 0 | Q25: =O25-P25+Q24 -> -4600
A26: 15 | K26: 0 | L26: 0 | M26: =K26-L26+M25 -> 0 | O26: 0 | P26: 0 | Q26: =O26-P26+Q25 -> -4600
A27: 16 | K27: 0 | L27: 0 | M27: =K27-L27+M26 -> 0 | O27: 0 | P27: 0 | Q27: =O27-P27+Q26 -> -4600
A28: 17 | K28: 0 | L28: 0 | M28: =K28-L28+M27 -> 0 | O28: 0 | P28: 0 | Q28: =O28-P28+Q27 -> -4600
A29: 18 | K29: 0 | L29: 0 | M29: =K29-L29+M28 -> 0 | O29: 0 | P29: 0 | Q29: =O29-P29+Q28 -> -4600
A30: 19 | K30: 0 | L30: 0 | M30: =K30-L30+M29 -> 0 | O30: 0 | P30: 0 | Q30: =O30-P30+Q29 -> -4600
A31: 20 | K31: 0 | L31: 0 | M31: =K31-L31+M30 -> 0 | O31: 0 | P31: 0 | Q31: =O31-P31+Q30 -> -4600
A32: 21 | K32: 0 | L32: 0 | M32: =K32-L32+M31 -> 0 | O32: 0 | P32: 0 | Q32: =O32-P32+Q31 -> -4600
A33: 22 | K33: 0 | L33: 0 | M33: =K33-L33+M32 -> 0 | O33: 0 | P33: 0 | Q33: =O33-P33+Q32 -> -4600
A34: 23 | K34: 0 | L34: 0 | M34: =K34-L34+M33 -> 0 | O34: 0 | P34: 0 | Q34: =O34-P34+Q33 -> -4600
... A111: 100 | K111: 0 | L111: 0 | M111: =K111-L111+M110 -> 0 | O111: 0 | P111: 0 | Q111: =O111-P111+Q110 -> -4600

Sheet 35
A2: الاسم | B2: إسماعيل إبراهيم | D2: الجوال | E2: 0557845121 | G2: طبيعة العمل | H2: سائق شاحنة له | J2: ملاحظات
A4: الاقامه | B4: 2270193812 | D4: بداية | G4: من طرف | H4: أبو عبدالله
A6: السيارة | B6: 7233 | D6: شهريا | E6: 400 | G6: مسدد الى تاريخ | H6: 45870
A8: كشف السائقين | K8: =SUM(K12:K111) -> 67500 | L8: =SUM(L12:L111) -> 67500 | M8: =K8-L8 -> 0 | O8: =SUM(O12:O111) -> 9600 | P8: =SUM(P12:P111) -> 14400 | Q8: =O8-P8 -> -4800
K10: خدمات | O10: مستحقات
A11: م | B11: التاريخ | C11: البيان | K11: دائن | L11: مدين | M11: الرصيد | O11: دائن | P11: مدين | Q11: الرصيد
A12: 1 | B12: 45074 | C12: متبقي من قيمة شراء السياره | K12: 0 | L12: 48000 | M12: =K12-L12 -> -48000 | O12: 0 | P12: 0 | Q12: =O12-P12 -> 0
A13: 2 | B13: 45074 | C13: مستحقات من 01 / 02 / 1445 الى 01 / 02 / 1446 | K13: 0 | L13: 0 | M13: =K13-L13+M12 -> -48000 | O13: 0 | P13: =400*12 -> 4800 | Q13: =O13-P13+Q12 -> -4800
A14: 3 | B14: 45094 | C14: دفعه من مديونية السياره محوله من حساب فاتوره 175 عبدالله التركي | K14: 20900 | L14: 0 | M14: =K14-L14+M13 -> -27100 | O14: 0 | P14: 0 | Q14: =O14-P14+Q13 -> -4800
A15: 4 | B15: 45112 | C15: مخالفه بطاقة سائق 9290 | K15: 0 | L15: 3000 | M15: =K15-L15+M14 -> -30100 | O15: 0 | P15: 0 | Q15: =O15-P15+Q14 -> -4800
A16: 5 | B16: 45124 | C16: دفعه من مديونية السياره محوله من حساب فاتوره 185 عبدالله التركي | K16: 8400 | L16: 0 | M16: =K16-L16+M15 -> -21700 | O16: 0 | P16: 0 | Q16: =O16-P16+Q15 -> -4800
A17: 6 | B17: 45140 | C17: دفعه من مديونية السياره محوله من حساب فاتوره 197 عبدالله التركي | K17: 6700 | L17: 0 | M17: =K17-L17+M16 -> -15000 | O17: 0 | P17: 0 | Q17: =O17-P17+Q16 -> -4800
A18: 7 | B18: 45154 | C18: دفعه من مديونية السياره محوله من حساب فاتوره 202 عبدالله التركي | K18: 13600 | L18: 0 | M18: =K18-L18+M17 -> -1400 | O18: 0 | P18: 0 | Q18: =O18-P18+Q17 -> -4800
A19: 8 | B19: 45182 | C19: دفعه من مديونية السياره محوله من حساب فاتوره 213 عبدالله التركي | K19: 17900 | L19: 0 | M19: =K19-L19+M18 -> 16500 | O19: 0 | P19: 0 | Q19: =O19-P19+Q18 -> -4800
A20: 9 | B20: 45182 | C20: تحويل المتبقي له من فاتورة 213 | K20: 0 | L20: 16500 | M20: =K20-L20+M19 -> 0 | O20: 0 | P20: 0 | Q20: =O20-P20+Q19 -> -4800
A21: 10 | C21: مستحقات 12 من 01 / 02 / 1446 الى 01 / 02 / 1447 | K21: 0 | L21: 0 | M21: =K21-L21+M20 -> 0 | O21: 0 | P21: =12*400 -> 4800 | Q21: =O21-P21+Q20 -> -9600
A22: 11 | B22: 45556 | C22: خصم من فاتوره 333 مستحقات الى 1 / 02 / 1446 | K22: 0 | L22: 0 | M22: =K22-L22+M21 -> 0 | O22: 4800 | P22: 0 | Q22: =O22-P22+Q21 -> -4800
A23: 12 | B23: 45788 | C23: تحويل على 306 مستحقات الى 1 / 8 / 1446 = 1 / 2 / 2025 | K23: 0 | L23: 0 | M23: =K23-L23+M22 -> 0 | O23: 2400 | P23: 0 | Q23: =O23-P23+Q22 -> -2400
A24: 13 | B24: 45839 | C24: مستحقات 12 من 01 / 08 / 2025 الى 01 / 08 / 2026 | K24: 0 | L24: 0 | M24: =K24-L24+M23 -> 0 | O24: 0 | P24: 4800 | Q24: =O24-P24+Q23 -> -7200
A25: 14 | B25: 45879 | C25: مستحقات الى 1 / 8 / 2025 ( خصم من مطالبة حادث تحولت على راجحي 139 تاريخ 7 / 8 / 2025 | K25: 0 | L25: 0 | M25: =K25-L25+M24 -> 0 | O25: 2400 | P25: 0 | Q25: =O25-P25+Q24 -> -4800
A26: 15 | K26: 0 | L26: 0 | M26: =K26-L26+M25 -> 0 | O26: 0 | P26: 0 | Q26: =O26-P26+Q25 -> -4800
A27: 16 | K27: 0 | L27: 0 | M27: =K27-L27+M26 -> 0 | O27: 0 | P27: 0 | Q27: =O27-P27+Q26 -> -4800
A28: 17 | K28: 0 | L28: 0 | M28: =K28-L28+M27 -> 0 | O28: 0 | P28: 0 | Q28: =O28-P28+Q27 -> -4800
A29: 18 | K29: 0 | L29: 0 | M29: =K29-L29+M28 -> 0 | O29: 0 | P29: 0 | Q29: =O29-P29+Q28 -> -4800
A30: 19 | K30: 0 | L30: 0 | M30: =K30-L30+M29 -> 0 | O30: 0 | P30: 0 | Q30: =O30-P30+Q29 -> -4800
A31: 20 | K31: 0 | L31: 0 | M31: =K31-L31+M30 -> 0 | O31: 0 | P31: 0 | Q31: =O31-P31+Q30 -> -4800
A32: 21 | K32: 0 | L32: 0 | M32: =K32-L32+M31 -> 0 | O32: 0 | P32: 0 | Q32: =O32-P32+Q31 -> -4800
A33: 22 | K33: 0 | L33: 0 | M33: =K33-L33+M32 -> 0 | O33: 0 | P33: 0 | Q33: =O33-P33+Q32 -> -4800
A34: 23 | K34: 0 | L34: 0 | M34: =K34-L34+M33 -> 0 | O34: 0 | P34: 0 | Q34: =O34-P34+Q33 -> -4800
A35: 24 | K35: 0 | L35: 0 | M35: =K35-L35+M34 -> 0 | O35: 0 | P35: 0 | Q35: =O35-P35+Q34 -> -4800
A36: 25 | K36: 0 | L36: 0 | M36: =K36-L36+M35 -> 0 | O36: 0 | P36: 0 | Q36: =O36-P36+Q35 -> -4800
A37: 26 | K37: 0 | L37: 0 | M37: =K37-L37+M36 -> 0 | O37: 0 | P37: 0 | Q37: =O37-P37+Q36 -> -4800
... A111: 100 | K111: 0 | L111: 0 | M111: =K111-L111+M110 -> 0 | O111: 0 | P111: 0 | Q111: =O111-P111+Q110 -> -4800

Sheet 37
A2: الاسم | B2: سرحان أبو ياسر | D2: الجوال | E2: 0538008193 | G2: طبيعة العمل | J2: ملاحظات | K2: ليس على الكفاله / لديه شاحنة على المؤسسة
A4: الاقامه | D4: بداية | G4: من طرف | H4: احمد دقماق
A6: السيارة | B6: 6123 | D6: شهريا | E6: 400 | G6: مسدد الى تاريخ | H6: 45853
A8: كشف السائقين | K8: =SUM(K12:K111) -> 150 | L8: =SUM(L12:L111) -> 150 | M8: =K8-L8 -> 0 | O8: =SUM(O12:O111) -> 10250 | P8: =SUM(P12:P111) -> 14400 | Q8: =O8-P8 -> -4150
K10: خدمات | O10: مستحقات
A11: م | B11: التاريخ | C11: البيان | K11: دائن | L11: مدين | M11: الرصيد | O11: دائن | P11: مدين | Q11: الرصيد
A12: 1 | B12: 45078 | C12: بداية التسجيل 15 / 11 / 1444 | K12: 0 | L12: 0 | M12: =K12-L12 -> 0 | O12: 0 | P12: 0 | Q12: =O12-P12 -> 0
A13: 2 | B13: 45078 | C13: مستحقات 12 شهر من 15 / 11 / 1444 الى 15 / 11 / 1445 | K13: 0 | L13: 0 | M13: =K13-L13+M12 -> 0 | O13: 0 | P13: =12*400 -> 4800 | Q13: =O13-P13+Q12 -> -4800
A14: 3 | B14: 45434 | C14: دفعه من المستحقات الي 01 / 05 / 1445 | K14: 0 | L14: 0 | M14: =K14-L14+M13 -> 0 | O14: 2250 | P14: 0 | Q14: =O14-P14+Q13 -> -2550
A15: 4 | B15: 45658 | C15: مستحقات 12 شهر من 15 / 11 / 1445 الى 15 / 11 / 1446 | K15: 0 | L15: 0 | M15: =K15-L15+M14 -> 0 | O15: 0 | P15: 4800 | Q15: =O15-P15+Q14 -> -7350
A16: 5 | B16: 45676 | C16: دفعه من المستحقات الي 01 / 10 / 1445 | K16: 0 | L16: 0 | M16: =K16-L16+M15 -> 0 | O16: 2000 | P16: 0 | Q16: =O16-P16+Q15 -> -5350
A17: 6 | B17: 45738 | C17: دفعه من المستحقات الي 01 / 01 / 1446 | K17: 0 | L17: 0 | M17: =K17-L17+M16 -> 0 | O17: 1000 | P17: 0 | Q17: =O17-P17+Q16 -> -4350
A18: 7 | B18: 45778 | C18: مستحقات 12 شهر من 01 / 06 / 2025 الى 01 / 06 / 2026 | K18: 0 | L18: 0 | M18: =K18-L18+M17 -> 0 | O18: 0 | P18: 4800 | Q18: =O18-P18+Q17 -> -9150
A19: 8 | B19: 45854 | C19: تحويل على راجحي احمد سلامه مستحقات الى 1 / 12 / 2024 | K19: 0 | L19: 0 | M19: =K19-L19+M18 -> 0 | O19: 2000 | P19: 0 | Q19: =O19-P19+Q18 -> -7150
A20: 9 | B20: 45916 | C20: تحويل على 110 / 150 بطاقة تشغيل + مستحقات الى 2025/07/15 | K20: 150 | L20: 150 | M20: =K20-L20+M19 -> 0 | O20: 3000 | P20: 0 | Q20: =O20-P20+Q19 -> -4150
A21: 10 | K21: 0 | L21: 0 | M21: =K21-L21+M20 -> 0 | O21: 0 | P21: 0 | Q21: =O21-P21+Q20 -> -4150
A22: 11 | K22: 0 | L22: 0 | M22: =K22-L22+M21 -> 0 | O22: 0 | P22: 0 | Q22: =O22-P22+Q21 -> -4150
A23: 12 | K23: 0 | L23: 0 | M23: =K23-L23+M22 -> 0 | O23: 0 | P23: 0 | Q23: =O23-P23+Q22 -> -4150
A24: 13 | K24: 0 | L24: 0 | M24: =K24-L24+M23 -> 0 | O24: 0 | P24: 0 | Q24: =O24-P24+Q23 -> -4150
A25: 14 | K25: 0 | L25: 0 | M25: =K25-L25+M24 -> 0 | O25: 0 | P25: 0 | Q25: =O25-P25+Q24 -> -4150
A26: 15 | K26: 0 | L26: 0 | M26: =K26-L26+M25 -> 0 | O26: 0 | P26: 0 | Q26: =O26-P26+Q25 -> -4150
A27: 16 | K27: 0 | L27: 0 | M27: =K27-L27+M26 -> 0 | O27: 0 | P27: 0 | Q27: =O27-P27+Q26 -> -4150
A28: 17 | K28: 0 | L28: 0 | M28: =K28-L28+M27 -> 0 | O28: 0 | P28: 0 | Q28: =O28-P28+Q27 -> -4150
A29: 18 | K29: 0 | L29: 0 | M29: =K29-L29+M28 -> 0 | O29: 0 | P29: 0 | Q29: =O29-P29+Q28 -> -4150
A30: 19 | K30: 0 | L30: 0 | M30: =K30-L30+M29 -> 0 | O30: 0 | P30: 0 | Q30: =O30-P30+Q29 -> -4150
A31: 20 | K31: 0 | L31: 0 | M31: =K31-L31+M30 -> 0 | O31: 0 | P31: 0 | Q31: =O31-P31+Q30 -> -4150
A32: 21 | K32: 0 | L32: 0 | M32: =K32-L32+M31 -> 0 | O32: 0 | P32: 0 | Q32: =O32-P32+Q31 -> -4150
... A111: 100 | K111: 0 | L111: 0 | M111: =K111-L111+M110 -> 0 | O111: 0 | P111: 0 | Q111: =O111-P111+Q110 -> -4150

Sheet 39
A2: الاسم | B2: عاكف الشهوان | D2: الجوال | E2: 0536482388 | G2: طبيعة العمل | J2: ملاحظات | K2: على الكفاله / ليس لديه سياره
A4: الاقامه | B4: 2542591397 | D4: بداية | G4: من طرف | H4: رائد عبادي
A6: السيارة | B6: - | D6: شهريا | E6: 250 | G6: مسدد الى تاريخ | H6: 45450
A8: كشف السائقين | K8: =SUM(K12:K111) -> 0 | L8: =SUM(L12:L111) -> 0 | M8: =K8-L8 -> 0 | O8: =SUM(O12:O111) -> 5750 | P8: =SUM(P12:P111) -> 5750 | Q8: =O8-P8 -> 0
K10: خدمات | O10: مستحقات
A11: م | B11: التاريخ | C11: البيان | K11: دائن | L11: مدين | M11: الرصيد | O11: دائن | P11: مدين | Q11: الرصيد
A12: 1 | B12: 45097 | C12: بداية الحساب 1 / 12 / 1444 | K12: 0 | L12: 0 | M12: =K12-L12 -> 0 | O12: 0 | P12: 0 | Q12: =O12-P12 -> 0
A13: 2 | B13: 45097 | C13: مستحقات 12 شهر من 1 / 12 / 1444 الى 1 / 12 / 1445 | K13: 0 | L13: 0 | M13: =K13-L13+M12 -> 0 | O13: 0 | P13: =250*12 -> 3000 | Q13: =O13-P13+Q12 -> -3000
A14: 3 | B14: 45427 | C14: مستحقات الى 1 / 12 / 1445 | K14: 0 | L14: 0 | M14: =K14-L14+M13 -> 0 | O14: 3000 | P14: 0 | Q14: =O14-P14+Q13 -> 0
A15: 4 | B15: 45778 | C15: مستحقات 11 شهر من 1 / 12 / 1445 الى 1 / 11 / 1446 | K15: 0 | L15: 0 | M15: =K15-L15+M14 -> 0 | O15: 0 | P15: 2750 | Q15: =O15-P15+Q14 -> -2750
A16: 5 | B16: 45785 | C16: تحويل على 306 مستحقات الى 1 / 11 / 1446 | K16: 0 | L16: 0 | M16: =K16-L16+M15 -> 0 | O16: 2750 | P16: 0 | Q16: =O16-P16+Q15 -> 0
A17: 6 | C17: تم نقل كفالته | K17: 0 | L17: 0 | M17: =K17-L17+M16 -> 0 | O17: 0 | P17: 0 | Q17: =O17-P17+Q16 -> 0
A18: 7 | K18: 0 | L18: 0 | M18: =K18-L18+M17 -> 0 | O18: 0 | P18: 0 | Q18: =O18-P18+Q17 -> 0
A19: 8 | K19: 0 | L19: 0 | M19: =K19-L19+M18 -> 0 | O19: 0 | P19: 0 | Q19: =O19-P19+Q18 -> 0
A20: 9 | K20: 0 | L20: 0 | M20: =K20-L20+M19 -> 0 | O20: 0 | P20: 0 | Q20: =O20-P20+Q19 -> 0
A21: 10 | K21: 0 | L21: 0 | M21: =K21-L21+M20 -> 0 | O21: 0 | P21: 0 | Q21: =O21-P21+Q20 -> 0
A22: 11 | K22: 0 | L22: 0 | M22: =K22-L22+M21 -> 0 | O22: 0 | P22: 0 | Q22: =O22-P22+Q21 -> 0
A23: 12 | K23: 0 | L23: 0 | M23: =K23-L23+M22 -> 0 | O23: 0 | P23: 0 | Q23: =O23-P23+Q22 -> 0
A24: 13 | K24: 0 | L24: 0 | M24: =K24-L24+M23 -> 0 | O24: 0 | P24: 0 | Q24: =O24-P24+Q23 -> 0
A25: 14 | K25: 0 | L25: 0 | M25: =K25-L25+M24 -> 0 | O25: 0 | P25: 0 | Q25: =O25-P25+Q24 -> 0
A26: 15 | K26: 0 | L26: 0 | M26: =K26-L26+M25 -> 0 | O26: 0 | P26: 0 | Q26: =O26-P26+Q25 -> 0
A27: 16 | K27: 0 | L27: 0 | M27: =K27-L27+M26 -> 0 | O27: 0 | P27: 0 | Q27: =O27-P27+Q26 -> 0
A28: 17 | K28: 0 | L28: 0 | M28: =K28-L28+M27 -> 0 | O28: 0 | P28: 0 | Q28: =O28-P28+Q27 -> 0
A29: 18 | K29: 0 | L29: 0 | M29: =K29-L29+M28 -> 0 | O29: 0 | P29: 0 | Q29: =O29-P29+Q28 -> 0
... A111: 100 | K111: 0 | L111: 0 | M111: =K111-L111+M110 -> 0 | O111: 0 | P111: 0 | Q111: =O111-P111+Q110 -> 0

Sheet 42
A2: الاسم | B2: إبراهيم حمادي | D2: الجوال | E2: 0503057096 | G2: طبيعة العمل | J2: ملاحظات | K2: على الكفاله / ليس لديه سياره
A4: الاقامه | B4: 2543333583 | D4: بداية | G4: من طرف | H4: رائد عبادي
A6: السيارة | B6: - | D6: شهريا | E6: 250 | G6: مسدد الى تاريخ | H6: 45450
A8: كشف السائقين | K8: =SUM(K12:K111) -> 0 | L8: =SUM(L12:L111) -> 0 | M8: =K8-L8 -> 0 | O8: =SUM(O12:O111) -> 3000 | P8: =SUM(P12:P111) -> 6000 | Q8: =O8-P8 -> -3000
K10: خدمات | O10: مستحقات
A11: م | B11: التاريخ | C11: البيان | K11: دائن | L11: مدين | M11: الرصيد | O11: دائن | P11: مدين | Q11: الرصيد
A12: 1 | B12: 45082 | C12: بداية الحساب من 01 / 12 / 1444 | K12: 0 | L12: 0 | M12: =K12-L12 -> 0 | O12: 0 | P12: 0 | Q12: =O12-P12 -> 0
A13: 2 | B13: 45082 | C13: مستحقات 12 شهر من 1 / 12 / 1444 الى 1 / 12 / 1445 | K13: 0 | L13: 0 | M13: =K13-L13+M12 -> 0 | O13: 0 | P13: =250*12 -> 3000 | Q13: =O13-P13+Q12 -> -3000
A14: 3 | B14: 45403 | C14: مستحقات الى 1 / 12 / 1445 | K14: 0 | L14: 0 | M14: =K14-L14+M13 -> 0 | O14: 3000 | P14: 0 | Q14: =O14-P14+Q13 -> 0
A15: 4 | C15: مستحقات 12 شهر من 1 / 12 / 1445 الى 1 / 12 / 1446 | K15: 0 | L15: 0 | M15: =K15-L15+M14 -> 0 | O15: 0 | P15: =250*12 -> 3000 | Q15: =O15-P15+Q14 -> -3000
A16: 5 | C16: خرج ولم يعد | K16: 0 | L16: 0 | M16: =K16-L16+M15 -> 0 | O16: 0 | P16: 0 | Q16: =O16-P16+Q15 -> -3000
A17: 6 | K17: 0 | L17: 0 | M17: =K17-L17+M16 -> 0 | O17: 0 | P17: 0 | Q17: =O17-P17+Q16 -> -3000
A18: 7 | K18: 0 | L18: 0 | M18: =K18-L18+M17 -> 0 | O18: 0 | P18: 0 | Q18: =O18-P18+Q17 -> -3000
A19: 8 | K19: 0 | L19: 0 | M19: =K19-L19+M18 -> 0 | O19: 0 | P19: 0 | Q19: =O19-P19+Q18 -> -3000
A20: 9 | K20: 0 | L20: 0 | M20: =K20-L20+M19 -> 0 | O20: 0 | P20: 0 | Q20: =O20-P20+Q19 -> -3000
A21: 10 | K21: 0 | L21: 0 | M21: =K21-L21+M20 -> 0 | O21: 0 | P21: 0 | Q21: =O21-P21+Q20 -> -3000
A22: 11 | K22: 0 | L22: 0 | M22: =K22-L22+M21 -> 0 | O22: 0 | P22: 0 | Q22: =O22-P22+Q21 -> -3000
A23: 12 | K23: 0 | L23: 0 | M23: =K23-L23+M22 -> 0 | O23: 0 | P23: 0 | Q23: =O23-P23+Q22 -> -3000
A24: 13 | K24: 0 | L24: 0 | M24: =K24-L24+M23 -> 0 | O24: 0 | P24: 0 | Q24: =O24-P24+Q23 -> -3000
A25: 14 | K25: 0 | L25: 0 | M25: =K25-L25+M24 -> 0 | O25: 0 | P25: 0 | Q25: =O25-P25+Q24 -> -3000
A26: 15 | K26: 0 | L26: 0 | M26: =K26-L26+M25 -> 0 | O26: 0 | P26: 0 | Q26: =O26-P26+Q25 -> -3000
A27: 16 | K27: 0 | L27: 0 | M27: =K27-L27+M26 -> 0 | O27: 0 | P27: 0 | Q27: =O27-P27+Q26 -> -3000
A28: 17 | K28: 0 | L28: 0 | M28: =K28-L28+M27 -> 0 | O28: 0 | P28: 0 | Q28: =O28-P28+Q27 -> -3000
... A111: 100 | K111: 0 | L111: 0 | M111: =K111-L111+M110 -> 0 | O111: 0 | P111: 0 | Q111: =O111-P111+Q110 -> -3000

Sheet 43
A2: الاسم | B2: رائد عبادي | D2: الجوال | E2: 0536481945 | G2: طبيعة العمل | J2: ملاحظات | K2: على الكفاله / ليس لديه سياره
A4: الاقامه | B4: 2543333229 | D4: بداية | G4: من طرف | H4: تركيا
A6: السيارة | B6: - | D6: شهريا | E6: 250 | G6: مسدد الى تاريخ | H6: 45450
A8: كشف السائقين | K8: =SUM(K12:K111) -> 0 | L8: =SUM(L12:L111) -> 0 | M8: =K8-L8 -> 0 | O8: =SUM(O12:O111) -> 6000 | P8: =SUM(P12:P111) -> 6000 | Q8: =O8-P8 -> 0
K10: خدمات | O10: مستحقات
A11: م | B11: التاريخ | C11: البيان | K11: دائن | L11: مدين | M11: الرصيد | O11: دائن | P11: مدين | Q11: الرصيد
A12: 1 | B12: 45087 | C12: بداية الحساب من 01 / 12 / 1444 | K12: 0 | L12: 0 | M12: =K12-L12 -> 0 | O12: 0 | P12: 0 | Q12: =O12-P12 -> 0
A13: 2 | B13: 45087 | C13: مستحقات 12 شهر من 1 / 12 / 1444 الى 1 / 12 / 1445 | K13: 0 | L13: 0 | M13: =K13-L13+M12 -> 0 | O13: 0 | P13: =250*12 -> 3000 | Q13: =O13-P13+Q12 -> -3000
A14: 3 | B14: 45427 | C14: مستحقات الى 1 / 12 / 1445 | K14: 0 | L14: 0 | M14: =K14-L14+M13 -> 0 | O14: 3000 | P14: 0 | Q14: =O14-P14+Q13 -> 0
A15: 4 | C15: مستحقات 12 شهر من 1 / 12 / 1445 الى 1 / 12 / 1446 | K15: 0 | L15: 0 | M15: =K15-L15+M14 -> 0 | O15: 0 | P15: =250*12 -> 3000 | Q15: =O15-P15+Q14 -> -3000
A16: 5 | B16: 45783 | C16: تحويل على 306 مستحقات الى 1 / 8 / 1446 | K16: 0 | L16: 0 | M16: =K16-L16+M15 -> 0 | O16: 2000 | P16: 0 | Q16: =O16-P16+Q15 -> -1000
A17: 6 | B17: 45784 | C17: تحويل على 306 مستحقات الى 1 / 12 / 1446 | K17: 0 | L17: 0 | M17: =K17-L17+M16 -> 0 | O17: 1000 | P17: 0 | Q17: =O17-P17+Q16 -> 0
A18: 7 | C18: تم نقل كفالته | K18: 0 | L18: 0 | M18: =K18-L18+M17 -> 0 | O18: 0 | P18: 0 | Q18: =O18-P18+Q17 -> 0
A19: 8 | K19: 0 | L19: 0 | M19: =K19-L19+M18 -> 0 | O19: 0 | P19: 0 | Q19: =O19-P19+Q18 -> 0
A20: 9 | K20: 0 | L20: 0 | M20: =K20-L20+M19 -> 0 | O20: 0 | P20: 0 | Q20: =O20-P20+Q19 -> 0
A21: 10 | K21: 0 | L21: 0 | M21: =K21-L21+M20 -> 0 | O21: 0 | P21: 0 | Q21: =O21-P21+Q20 -> 0
A22: 11 | K22: 0 | L22: 0 | M22: =K22-L22+M21 -> 0 | O22: 0 | P22: 0 | Q22: =O22-P22+Q21 -> 0
A23: 12 | K23: 0 | L23: 0 | M23: =K23-L23+M22 -> 0 | O23: 0 | P23: 0 | Q23: =O23-P23+Q22 -> 0
A24: 13 | K24: 0 | L24: 0 | M24: =K24-L24+M23 -> 0 | O24: 0 | P24: 0 | Q24: =O24-P24+Q23 -> 0
A25: 14 | K25: 0 | L25: 0 | M25: =K25-L25+M24 -> 0 | O25: 0 | P25: 0 | Q25: =O25-P25+Q24 -> 0
A26: 15 | K26: 0 | L26: 0 | M26: =K26-L26+M25 -> 0 | O26: 0 | P26: 0 | Q26: =O26-P26+Q25 -> 0
A27: 16 | K27: 0 | L27: 0 | M27: =K27-L27+M26 -> 0 | O27: 0 | P27: 0 | Q27: =O27-P27+Q26 -> 0
A28: 17 | K28: 0 | L28: 0 | M28: =K28-L28+M27 -> 0 | O28: 0 | P28: 0 | Q28: =O28-P28+Q27 -> 0
A29: 18 | K29: 0 | L29: 0 | M29: =K29-L29+M28 -> 0 | O29: 0 | P29: 0 | Q29: =O29-P29+Q28 -> 0
A30: 19 | K30: 0 | L30: 0 | M30: =K30-L30+M29 -> 0 | O30: 0 | P30: 0 | Q30: =O30-P30+Q29 -> 0
... A111: 100 | K111: 0 | L111: 0 | M111: =K111-L111+M110 -> 0 | O111: 0 | P111: 0 | Q111: =O111-P111+Q110 -> 0

Sheet 45
A2: الاسم | B2: محمد صالح | D2: الجوال | E2: 0556326354 | G2: طبيعة العمل | J2: ملاحظات | K2: ليس على الكفاله / لديه شاحنة على المؤسسة
A4: الاقامه | B4: 2338004068 | D4: بداية | G4: من طرف | H4: سمير الخاوي
A6: السيارة | B6: 6785 + 1644 | D6: شهريا | E6: 350 | G6: مسدد الى تاريخ | H6: 45444 | X6: الدفعات
A8: كشف السائقين | K8: =SUM(K12:K111) -> 449300 | L8: =SUM(L12:L111) -> 485000 | M8: =K8-L8 -> -35700 | O8: =SUM(O12:O111) -> 2500 | P8: =SUM(P12:P111) -> 7200 | Q8: =O8-P8 -> -4700 | X8: 7000
X9: 29500
K10: خدمات | O10: مستحقات | X10: 5000
A11: م | B11: التاريخ | C11: البيان | K11: دائن | L11: مدين | M11: الرصيد | O11: دائن | P11: مدين | Q11: الرصيد | X11: 14000
A12: 1 | B12: 45283 | C12: تاريخ التسجيل 1 / 7 / 1445 | K12: 0 | L12: 0 | M12: =K12-L12 -> 0 | O12: 0 | P12: 0 | Q12: =O12-P12 -> 0 | X12: 5000
A13: 2 | B13: 45283 | C13: مستحقات 6785 من 1 / 06 / 2024 الى 1 / 06 / 2025 | K13: 0 | L13: 0 | M13: =K13-L13+M12 -> 0 | O13: 0 | P13: =12*300 -> 3600 | Q13: =O13-P13+Q12 -> -3600 | X13: 5000
A14: 3 | B14: 45283 | C14: شراء السياره والباقي على 3 شهور | K14: 170000 | L14: 225000 | M14: =K14-L14+M13 -> -55000 | O14: 0 | P14: 0 | Q14: =O14-P14+Q13 -> -3600 | X14: 3000
A15: 4 | B15: 45317 | C15: دفعه من الحساب كاش عن طريق ابوعبدالله | K15: 15000 | L15: 0 | M15: =K15-L15+M14 -> -40000 | O15: 0 | P15: 0 | Q15: =O15-P15+Q14 -> -3600 | X15: 5000
A16: 5 | B16: 45325 | C16: دفعه من الحساب كاش عن طريق أبو الليل | K16: 5000 | L16: 0 | M16: =K16-L16+M15 -> -35000 | O16: 0 | P16: 0 | Q16: =O16-P16+Q15 -> -3600 | X16: 69000
A17: 6 | B17: 45342 | C17: دفعه من الحساب تحويل على 110 | K17: 10000 | L17: 0 | M17: =K17-L17+M16 -> -25000 | O17: 0 | P17: 0 | Q17: =O17-P17+Q16 -> -3600 | X17: 2500
A18: 7 | B18: 45350 | C18: دفعه من الحساب كاش عن طريق ماجد حمدان | K18: 10000 | L18: 0 | M18: =K18-L18+M17 -> -15000 | O18: 0 | P18: 0 | Q18: =O18-P18+Q17 -> -3600 | X18: 25000
A19: 8 | B19: 45417 | C19: دفعه من الحساب تحويل على 110 | K19: 10000 | L19: 0 | M19: =K19-L19+M18 -> -5000 | O19: 0 | P19: 0 | Q19: =O19-P19+Q18 -> -3600 | X19: =SUM(X8:X18) -> 170000
A20: 9 | B20: 45435 | C20: دفعه من الحساب كاش عن طريق سمير يمني | K20: 5000 | L20: 0 | M20: =K20-L20+M19 -> 0 | O20: 0 | P20: 0 | Q20: =O20-P20+Q19 -> -3600
A21: 10 | B21: 45528 | C21: شراء سياره جديدة 1644 | K21: 0 | L21: 260000 | M21: =K21-L21+M20 -> -260000 | O21: 0 | P21: 0 | Q21: =O21-P21+Q20 -> -3600 | W21: 245
A22: 11 | B22: 45528 | C22: مدفوع وقت الشراء | K22: 119000 | L22: 0 | M22: =K22-L22+M21 -> -141000 | O22: 0 | P22: 0 | Q22: =O22-P22+Q21 -> -3600 | W22: 144
A23: 12 | B23: 45534 | C23: تحويل 7000 على 110 منهم 6000 من قيمة السياره + 1000 من جهاز التتبع ( تم دفع باقي التتبع فالعهدة ) | K23: 6000 | L23: 0 | M23: =K23-L23+M22 -> -135000 | O23: 0 | P23: 0 | Q23: =O23-P23+Q22 -> -3600
A24: 13 | B24: 45534 | C24: تحويل على 110 مبلغ 4300 | K24: 4300 | L24: 0 | M24: =K24-L24+M23 -> -130700 | O24: 0 | P24: 0 | Q24: =O24-P24+Q23 -> -3600
A25: 14 | B25: 45571 | C25: تحويل علي 110 مبلغ 5000 | K25: 5000 | L25: 0 | M25: =K25-L25+M24 -> -125700 | O25: 0 | P25: 0 | Q25: =O25-P25+Q24 -> -3600
A26: 15 | B26: 45572 | C26: تحويل علي 802 مبلغ 5000 - وتم نقلهم الى 110 | K26: 5000 | L26: 0 | M26: =K26-L26+M25 -> -120700 | O26: 0 | P26: 0 | Q26: =O26-P26+Q25 -> -3600
A27: 16 | B27: 45604 | C27: كاش من نوح الى ابوبيان فالرياض | K27: 10000 | L27: 0 | M27: =K27-L27+M26 -> -110700 | O27: 0 | P27: 0 | Q27: =O27-P27+Q26 -> -3600
A28: 17 | B28: 45636 | C28: كاش الى نوح 7300 تم دفعهم الى محلات قطع غيار و 2700 تحويل 110 | K28: 10000 | L28: 0 | M28: =K28-L28+M27 -> -100700 | O28: 0 | P28: 0 | Q28: =O28-P28+Q27 -> -3600
A29: 18 | B29: 45661 | C29: دفعه كاش عن طريق اديب الى ابوبيان | K29: 10000 | L29: 0 | M29: =K29-L29+M28 -> -90700 | O29: 0 | P29: 0 | Q29: =O29-P29+Q28 -> -3600
A30: 19 | B30: 45720 | C30: تحويل على 110 | K30: 10000 | L30: 0 | M30: =K30-L30+M29 -> -80700 | O30: 0 | P30: 0 | Q30: =O30-P30+Q29 -> -3600
A31: 20 | B31: 45750 | C31: تحويل على 306 | K31: 10000 | L31: 0 | M31: =K31-L31+M30 -> -70700 | O31: 0 | P31: 0 | Q31: =O31-P31+Q30 -> -3600
A32: 21 | B32: 45777 | C32: كاش الى ابوبيان | K32: 10000 | L32: 0 | M32: =K32-L32+M31 -> -60700 | O32: 0 | P32: 0 | Q32: =O32-P32+Q31 -> -3600
A33: 22 | B33: 45822 | C33: كاش الى ابوبيان عن طريق عبدالرزاق الحيلاني | K33: 10000 | L33: 0 | M33: =K33-L33+M32 -> -50700 | O33: 0 | P33: 0 | Q33: =O33-P33+Q32 -> -3600
A34: 23 | B34: 45839 | C34: تحويل على 110 | K34: 8000 | L34: 0 | M34: =K34-L34+M33 -> -42700 | O34: 0 | P34: 0 | Q34: =O34-P34+Q33 -> -3600
A35: 24 | B35: 45845 | C35: تحويل على 306 | K35: 2000 | L35: 0 | M35: =K35-L35+M34 -> -40700 | O35: 0 | P35: 0 | Q35: =O35-P35+Q34 -> -3600
A36: 25 | B36: 45845 | C36: مستحقات 6785 من 1 / 06 / 2025 الى 1 / 06 / 2026 | K36: 0 | L36: 0 | M36: =K36-L36+M35 -> -40700 | O36: 0 | P36: =12*300 -> 3600 | Q36: =O36-P36+Q35 -> -7200
A37: 26 | B37: 45868 | C37: تحويل على 306 | K37: 5000 | L37: 0 | M37: =K37-L37+M36 -> -35700 | O37: 0 | P37: 0 | Q37: =O37-P37+Q36 -> -7200
A38: 27 | B38: 45920 | C38: تحويل على 306 مستحقات الى 1 / 2 / 2025 | K38: 0 | L38: 0 | M38: =K38-L38+M37 -> -35700 | O38: 2500 | P38: 0 | Q38: =O38-P38+Q37 -> -4700
A39: 28 | K39: 0 | L39: 0 | M39: =K39-L39+M38 -> -35700 | O39: 0 | P39: 0 | Q39: =O39-P39+Q38 -> -4700
A40: 29 | K40: 0 | L40: 0 | M40: =K40-L40+M39 -> -35700 | O40: 0 | P40: 0 | Q40: =O40-P40+Q39 -> -4700
A41: 30 | K41: 0 | L41: 0 | M41: =K41-L41+M40 -> -35700 | O41: 0 | P41: 0 | Q41: =O41-P41+Q40 -> -4700
A42: 31 | K42: 0 | L42: 0 | M42: =K42-L42+M41 -> -35700 | O42: 0 | P42: 0 | Q42: =O42-P42+Q41 -> -4700
A43: 32 | K43: 0 | L43: 0 | M43: =K43-L43+M42 -> -35700 | O43: 0 | P43: 0 | Q43: =O43-P43+Q42 -> -4700
A44: 33 | K44: 0 | L44: 0 | M44: =K44-L44+M43 -> -35700 | O44: 0 | P44: 0 | Q44: =O44-P44+Q43 -> -4700
A45: 34 | K45: 0 | L45: 0 | M45: =K45-L45+M44 -> -35700 | O45: 0 | P45: 0 | Q45: =O45-P45+Q44 -> -4700
A46: 35 | K46: 0 | L46: 0 | M46: =K46-L46+M45 -> -35700 | O46: 0 | P46: 0 | Q46: =O46-P46+Q45 -> -4700
A47: 36 | K47: 0 | L47: 0 | M47: =K47-L47+M46 -> -35700 | O47: 0 | P47: 0 | Q47: =O47-P47+Q46 -> -4700
A48: 37 | K48: 0 | L48: 0 | M48: =K48-L48+M47 -> -35700 | O48: 0 | P48: 0 | Q48: =O48-P48+Q47 -> -4700
A49: 38 | K49: 0 | L49: 0 | M49: =K49-L49+M48 -> -35700 | O49: 0 | P49: 0 | Q49: =O49-P49+Q48 -> -4700
A50: 39 | K50: 0 | L50: 0 | M50: =K50-L50+M49 -> -35700 | O50: 0 | P50: 0 | Q50: =O50-P50+Q49 -> -4700
... A111: 100 | K111: 0 | L111: 0 | M111: =K111-L111+M110 -> -35700 | O111: 0 | P111: 0 | Q111: =O111-P111+Q110 -> -4700

Sheet 46
A2: الاسم | B2: موسى حسين | D2: الجوال | E2: 0537842641 | G2: طبيعة العمل | J2: ملاحظات | K2: ليس على الكفاله / لديه شاحنة على المؤسسة
A4: الاقامه | B4: 2305661932 | D4: بداية | G4: من طرف | H4: أبو عبدالله
A6: السيارة | B6: 7646 | D6: شهريا | E6: 350 | G6: مسدد الى تاريخ | H6: 45689
A8: كشف السائقين | K8: =SUM(K12:K111) -> 241600 | L8: =SUM(L12:L111) -> 241600 | M8: =K8-L8 -> 0 | O8: =SUM(O12:O111) -> 4750 | P8: =SUM(P12:P111) -> 8400 | Q8: =O8-P8 -> -3650
K10: خدمات | O10: مستحقات
A11: م | B11: التاريخ | C11: البيان | K11: دائن | L11: مدين | M11: الرصيد | O11: دائن | P11: مدين | Q11: الرصيد
A12: 1 | B12: 45283 | C12: بداية التسجيل 1 / 1 / 2024 | K12: 0 | L12: 0 | M12: =K12-L12 -> 0 | O12: 0 | P12: 0 | Q12: =O12-P12 -> 0
A13: 2 | B13: 45283 | C13: مستحقات 12 شهر من 1 / 1 / 2024 الى 1 / 1 / 2024 | K13: 0 | L13: 0 | M13: =K13-L13+M12 -> 0 | O13: 0 | P13: =12*350 -> 4200 | Q13: =O13-P13+Q12 -> -4200
A14: 3 | B14: 45283 | C14: شراء السياره مبلغ 235 الف والباقي 45000 على 3 شهور | K14: 190000 | L14: 235000 | M14: =K14-L14+M13 -> -45000 | O14: 0 | P14: 0 | Q14: =O14-P14+Q13 -> -4200
A15: 4 | B15: 45283 | C15: قيمة اصدار لوحات و تامين وتتبع | K15: 0 | L15: 6600 | M15: =K15-L15+M14 -> -51600 | O15: 0 | P15: 0 | Q15: =O15-P15+Q14 -> -4200
A16: 5 | B16: 45317 | C16: دفعه من الحساب كاش عن طريق ابوعبدالله | K16: 5000 | L16: 0 | M16: =K16-L16+M15 -> -46600 | O16: 0 | P16: 0 | Q16: =O16-P16+Q15 -> -4200
A17: 6 | B17: 45314 | C17: دفعه من الحساب تحويل 4000 على جاسم + 1000 على ابوبيان | K17: 5000 | L17: 0 | M17: =K17-L17+M16 -> -41600 | O17: 0 | P17: 0 | Q17: =O17-P17+Q16 -> -4200
A18: 7 | B18: 45320 | C18: دفعه من الحساب تحويل 1900 على ابوبيان | K18: 1900 | L18: 0 | M18: =K18-L18+M17 -> -39700 | O18: 0 | P18: 0 | Q18: =O18-P18+Q17 -> -4200
A19: 8 | B19: 45328 | C19: دفعه من الحساب تحويل 3000 على 110 | K19: 3000 | L19: 0 | M19: =K19-L19+M18 -> -36700 | O19: 0 | P19: 0 | Q19: =O19-P19+Q18 -> -4200
A20: 9 | B20: 45334 | C20: دفعه من الحساب تحويل 3600 على 110 | K20: 3600 | L20: 0 | M20: =K20-L20+M19 -> -33100 | O20: 0 | P20: 0 | Q20: =O20-P20+Q19 -> -4200
A21: 10 | B21: 45354 | C21: دفعه من الحساب تحويل 1500 على الراجحي جاسم | K21: 1500 | L21: 0 | M21: =K21-L21+M20 -> -31600 | O21: 0 | P21: 0 | Q21: =O21-P21+Q20 -> -4200
A22: 11 | B22: 45369 | C22: دفعه من الحساب تحويل 4400 على الراجحي جاسم | K22: 4400 | L22: 0 | M22: =K22-L22+M21 -> -27200 | O22: 0 | P22: 0 | Q22: =O22-P22+Q21 -> -4200
A23: 12 | B23: 45388 | C23: دفعه من الحساب كاش 13000 الى ابوبيان | K23: 13000 | L23: 0 | M23: =K23-L23+M22 -> -14200 | O23: 0 | P23: 0 | Q23: =O23-P23+Q22 -> -4200
A24: 13 | B24: 45391 | C24: دفعه من الحساب كاش 13000 الى ابوبيان | K24: 4000 | L24: 0 | M24: =K24-L24+M23 -> -10200 | O24: 0 | P24: 0 | Q24: =O24-P24+Q23 -> -4200
A25: 14 | B25: 45413 | C25: دفعه من الحساب تحويل 6900 على راجحي جدة 139 | K25: 6900 | L25: 0 | M25: =K25-L25+M24 -> -3300 | O25: 0 | P25: 0 | Q25: =O25-P25+Q24 -> -4200
... A30: 19 | B30: 45854 | C30: دفعه من المستحقات الى 01 / 2 / 2025 | K30: 0 | L30: 0 | M30: =K30-L30+M29 -> 0 | O30: 2500 | P30: 0 | Q30: =O30-P30+Q29 -> -3650
A31: 20 | K31: 0 | L31: 0 | M31: =K31-L31+M30 -> 0 | O31: 0 | P31: 0 | Q31: =O31-P31+Q30 -> -3650
A32: 21 | K32: 0 | L32: 0 | M32: =K32-L32+M31 -> 0 | O32: 0 | P32: 0 | Q32: =O32-P32+Q31 -> -3650
A33: 22 | K33: 0 | L33: 0 | M33: =K33-L33+M32 -> 0 | O33: 0 | P33: 0 | Q33: =O33-P33+Q32 -> -3650
A34: 23 | K34: 0 | L34: 0 | M34: =K34-L34+M33 -> 0 | O34: 0 | P34: 0 | Q34: =O34-P34+Q33 -> -3650
A35: 24 | K35: 0 | L35: 0 | M35: =K35-L35+M34 -> 0 | O35: 0 | P35: 0 | Q35: =O35-P35+Q34 -> -3650
A36: 25 | K36: 0 | L36: 0 | M36: =K36-L36+M35 -> 0 | O36: 0 | P36: 0 | Q36: =O36-P36+Q35 -> -3650
A37: 26 | K37: 0 | L37: 0 | M37: =K37-L37+M36 -> 0 | O37: 0 | P37: 0 | Q37: =O37-P37+Q36 -> -3650
A38: 27 | K38: 0 | L38: 0 | M38: =K38-L38+M37 -> 0 | O38: 0 | P38: 0 | Q38: =O38-P38+Q37 -> -3650
A39: 28 | K39: 0 | L39: 0 | M39: =K39-L39+M38 -> 0 | O39: 0 | P39: 0 | Q39: =O39-P39+Q38 -> -3650
A40: 29 | K40: 0 | L40: 0 | M40: =K40-L40+M39 -> 0 | O40: 0 | P40: 0 | Q40: =O40-P40+Q39 -> -3650
A41: 30 | K41: 0 | L41: 0 | M41: =K41-L41+M40 -> 0 | O41: 0 | P41: 0 | Q41: =O41-P41+Q40 -> -3650
A42: 31 | K42: 0 | L42: 0 | M42: =K42-L42+M41 -> 0 | O42: 0 | P42: 0 | Q42: =O42-P42+Q41 -> -3650
... A111: 100 | K111: 0 | L111: 0 | M111: =K111-L111+M110 -> 0 | O111: 0 | P111: 0 | Q111: =O111-P111+Q110 -> -3650

Sheet 47
A2: الاسم | B2: عبدالرحمن علي | D2: الجوال | E2: 0501360999 | G2: طبيعة العمل | J2: ملاحظات | K2: ليس على الكفاله / لديه دينه على المؤسسة
A4: الاقامه | B4: 2348671757 | D4: بداية | G4: من طرف | H4: عبدالرحيم حنداد
A6: السيارة | B6: 6800 | D6: شهريا | E6: 300 | G6: مسدد الى تاريخ | H6: 45658
A8: كشف السائقين | K8: =SUM(K12:K111) -> 5450 | L8: =SUM(L12:L111) -> 5450 | M8: =K8-L8 -> 0 | O8: =SUM(O12:O111) -> 2976 | P8: =SUM(P12:P111) -> 7200 | Q8: =O8-P8 -> -4224
K10: خدمات | O10: مستحقات
A11: م | B11: التاريخ | C11: البيان | K11: دائن | L11: مدين | M11: الرصيد | O11: دائن | P11: مدين | Q11: الرصيد
A12: 1 | C12: بداية التسجيل 1 / 8 / 1445 - فترة سماح 3 شهور | K12: 0 | L12: 0 | M12: =K12-L12 -> 0 | O12: 0 | P12: 0 | Q12: =O12-P12 -> 0
A13: 2 | C13: مستحقات من 1 / 05 / 2024 الى 1 / 05 / 2025 | K13: 0 | L13: 0 | M13: =K13-L13+M12 -> 0 | O13: 0 | P13: =12*300 -> 3600 | Q13: =O13-P13+Q12 -> -3600
A14: 3 | B14: 45333 | C14: دفعه من تامين ونقل وتحويل الدينه | K14: 4300 | L14: 0 | M14: =K14-L14+M13 -> 4300 | O14: 0 | P14: 0 | Q14: =O14-P14+Q13 -> -3600
A15: 4 | B15: 45334 | C15: دفعه من تامين ونقل وتحويل الدينه | K15: 1000 | L15: 0 | M15: =K15-L15+M14 -> 5300 | O15: 0 | P15: 0 | Q15: =O15-P15+Q14 -> -3600
A16: 5 | C16: تامين 2000 + نقل بدون سداد مخالفات 1500 + تحويل 1800 | K16: 0 | L16: =2000+1500+1800 -> 5300 | M16: =K16-L16+M15 -> 0 | O16: 0 | P16: 0 | Q16: =O16-P16+Q15 -> -3600
A17: 6 | B17: 45555 | C17: تحويل على 110 منهم 150 من تجديد كارت التشغيل + 1200 مستحقات الى 1 / 09 / 2024 | K17: 150 | L17: 150 | M17: =K17-L17+M16 -> 0 | O17: 1150 | P17: 0 | Q17: =O17-P17+Q16 -> -2450
A18: 7 | B18: 45565 | C18: تحويل على 110 مستحقات الى 1 / 10 / 2024 | K18: 0 | L18: 0 | M18: =K18-L18+M17 -> 0 | O18: 300 | P18: 0 | Q18: =O18-P18+Q17 -> -2150
A19: 8 | B19: 45870 | C19: مستحقات من 1 / 05 / 2025 الى 1 / 05 / 2026 | K19: 0 | L19: 0 | M19: =K19-L19+M18 -> 0 | O19: 0 | P19: 3600 | Q19: =O19-P19+Q18 -> -5750
A20: 9 | B20: 45891 | C20: تحويل على 306 دفعه من المستحقات الى 1 / 1 / 2025 | K20: 0 | L20: 0 | M20: =K20-L20+M19 -> 0 | O20: 1026 | P20: 0 | Q20: =O20-P20+Q19 -> -4724
A21: 10 | B21: 45902 | C21: تحويل على 306 دفعه من المستحقات الى 1 / 3 / 2025 | K21: 0 | L21: 0 | M21: =K21-L21+M20 -> 0 | O21: 500 | P21: 0 | Q21: =O21-P21+Q20 -> -4224
A22: 11 | K22: 0 | L22: 0 | M22: =K22-L22+M21 -> 0 | O22: 0 | P22: 0 | Q22: =O22-P22+Q21 -> -4224
A23: 12 | K23: 0 | L23: 0 | M23: =K23-L23+M22 -> 0 | O23: 0 | P23: 0 | Q23: =O23-P23+Q22 -> -4224
A24: 13 | K24: 0 | L24: 0 | M24: =K24-L24+M23 -> 0 | O24: 0 | P24: 0 | Q24: =O24-P24+Q23 -> -4224
A25: 14 | K25: 0 | L25: 0 | M25: =K25-L25+M24 -> 0 | O25: 0 | P25: 0 | Q25: =O25-P25+Q24 -> -4224
A26: 15 | K26: 0 | L26: 0 | M26: =K26-L26+M25 -> 0 | O26: 0 | P26: 0 | Q26: =O26-P26+Q25 -> -4224
A27: 16 | K27: 0 | L27: 0 | M27: =K27-L27+M26 -> 0 | O27: 0 | P27: 0 | Q27: =O27-P27+Q26 -> -4224
A28: 17 | K28: 0 | L28: 0 | M28: =K28-L28+M27 -> 0 | O28: 0 | P28: 0 | Q28: =O28-P28+Q27 -> -4224
A29: 18 | K29: 0 | L29: 0 | M29: =K29-L29+M28 -> 0 | O29: 0 | P29: 0 | Q29: =O29-P29+Q28 -> -4224
